id,allergen,name,language,source,category
,nüsse,Mandeln natürlich,de,USDA,
,milch,Cheddar-Clubkäse,de,USDA,
,milch,importierter Pecorino Romano-Käse,de,USDA,
,sellerie,Gemüsebrühe,de,USDA,
,milch,Romano-Käse,de,USDA,
,nüsse,Rohe Bio-Mandelbutter,de,USDA,
,gluten,Bagel,de,USDA,
,soja,Bagel,de,USDA,
,soja,Sojalecithin,de,USDA,
,milch,pasteurisierter Prozess-Cheddar-Käse,de,USDA,
,nüsse,Walnussöl,de,USDA,
,milch,Weiße Schokoladen-Marshmallow-Stückchen,de,USDA,
,soja,Weiße Schokoladen-Marshmallow-Stückchen,de,USDA,
,milch,Cheddar-Käse,de,USDA,
,milch,und Asiago-Käse,de,USDA,
,milch,Knoblauch-Parmesan-Butter,de,USDA,
,gluten,Hartweizengrieß,de,USDA,
,milch,Parmesankäse,de,USDA,
,soja,fermentierte Sojabohnen,de,USDA,
,soja,Halbsüße Schokoladentropfen,de,USDA,
,sesam,Bio-Tahini,de,USDA,
,milch,Romano-Käse  und/oder Parmesankäse,de,USDA,
,sulfite,Natriummetabisulfit,de,USDA,
,soja,Soja- und Palmöl,de,USDA,
,milch,Milchmineralien,de,USDA,
,soja,Pflanzenöl,de,USDA,
,milch,schwere Sahnecreme,de,USDA,
,gluten,Bistrobrötchen,de,USDA,
,milch,Milchcreme-Rohrzucker-Schokoladenstückchen,de,USDA,
,soja,Milchcreme-Rohrzucker-Schokoladenstückchen,de,USDA,
,fisch,Alaska Snow Crab Legs Surimi,de,USDA,
,sulfite,Balsamico-Essig,de,USDA,
,milch,Magermilch und Pektin,de,USDA,
,milch,Nachahmung von Monterey-Jack-Käse,de,USDA,
,gluten,Bio-Weizen,de,USDA,
,gluten,Alles Bagel,de,USDA,
,sesam,Alles Bagel,de,USDA,
,milch,Milch und Sahne in Bio-Qualität,de,USDA,
,milch,kultivierte pasteurisierte Ziegenmilch,de,USDA,
,soja,texturiertes pflanzliches Protein,de,USDA,
,gluten,texturiertes pflanzliches Protein,de,USDA,
,gluten,gebleichtes, angereichertes Mehl ",de,USDA
,milch,Zartbitterer Schokoladentropfen,de,USDA,
,soja,Zartbitterer Schokoladentropfen,de,USDA,
,milch,Kokoseis: Magermilch,de,USDA,
,ei,Eier geschält,de,USDA,
,senf,Dijon-Senf,de,USDA,
,soja,Sojaöl,de,USDA,
,milch,Frischkäse,de,USDA,
,milch,Magermilchkäse,de,USDA,
,gluten,Vollkornmehl,de,USDA,
,milch,Feta-Käse,de,USDA,
,soja,weiße Misopaste1,de,USDA,
,milch,Asadero-Käse mit reduziertem Fettgehalt,de,USDA,
,milch,Monterey-Jack-Käse,de,USDA,
,milch,Edamerkäse,de,USDA,
,milch,Erdbeereis,de,USDA,
,ei,Erdbeereis,de,USDA,
,senf,Senf,de,USDA,
,soja,Isoliertes Sojaprodukt,de,USDA,
,soja,Mayonnaise,de,USDA,
,ei,Mayonnaise,de,USDA,
,milch,Käse,de,USDA,
,soja,Margarine,de,USDA,
,senf,Bio-gemahlene gelbe Senfkörner,de,USDA,
,milch,Pecorino Romano-Käse,de,USDA,
,senf,Senf,de,USDA,
,sesam,In Honig geröstete Sesamchips,de,USDA,
,milch,weißer natürlicher Cheddar-Käsebruch,de,USDA,
,soja,teilweise hydriertes Soja-/Baumwollsamenöl,de,USDA,
,ei,Eiklar,de,USDA,
,senf,Senf,de,USDA,
,gluten,Semmelbrösel,de,USDA,
,soja,Margarine,de,USDA,
,soja,strukturiertes pflanzliches Protein {Sojamehl,de,USDA,
,soja,Pflanzenöl,de,USDA,
,milch,pasteurisierter Prozess-Cheddar-Käse,de,USDA,
,milch,Weißer Bio-Cheddar-Käse,de,USDA,
,milch,teilentrahmter Mozzarellakäse mit niedrigem Feuchtigkeitsgehalt,de,USDA,
,senf,Senf,de,USDA,
,gluten,Malzessig,de,USDA,
,milch,Bio-Mozzarella-Käse mit niedrigem Feuchtigkeitsgehalt,de,USDA,
,milch,Butteröl,de,USDA,
,milch,Molke,de,USDA,
,milch,Klasse a kultivierte Milch und Sahne,de,USDA,
,milch,Joghurtkulturen,de,USDA,
,sesam,Sesambutter,de,USDA,
,milch,Milchschokolade,de,USDA,
,soja,Milchschokolade,de,USDA,
,gluten,Weizenmehl, Sojaöl",de,USDA
,soja,Weizenmehl, Sojaöl",de,USDA
,milch,Hähnchenbrust mit Rippenfleisch,de,USDA,
,milch,Vollkuhmilch,de,USDA,
,milch,Milchschokolade,de,USDA,
,soja,Halbsüße Schokoladenstückchen,de,USDA,
,milch,fettreduzierte, gesüßte Kondensmilch ",de,USDA
,soja,echte Mayonnaise,de,USDA,
,ei,echte Mayonnaise,de,USDA,
,soja,Gekochte Hähnchenbruststreifen mit Rippenfleisch,de,USDA,
,milch,Pecorino Romano,de,USDA,
,ei,Bio-Eier aus Freilandhaltung,de,USDA,
,nüsse,Mandeln,de,USDA,
,soja,Schokoladenpopcorn,de,USDA,
,milch,Schokoladenpopcorn,de,USDA,
,milch,Ghee,de,USDA,
,milch,Margarine,de,USDA,
,soja,Margarine,de,USDA,
,erdnuss,Fudge Swirl,de,USDA,
,milch,Fudge Swirl,de,USDA,
,soja,Fudge Swirl,de,USDA,
,milch,geriebener Käse,de,USDA,
,soja,dunkle Schokolade,de,USDA,
,soja,Margarine,de,USDA,
,ei,Enzymmodifiziertes Eigelb,de,USDA,
,sesam,Zitronenhummus,de,USDA,
,milch,2 % oder weniger von: Buttermilch,de,USDA,
,ei,Eiersalat,de,USDA,
,soja,Eiersalat,de,USDA,
,milch,natürlicher Fontina-Käse: pasteurisierte, teilweise entrahmte Milch",de,USDA
,sesam,Trocken geröstete, geschälte Bio-Sesamkörner",de,USDA
,nüsse,Bio-Cashewbutter,de,USDA,
,nüsse,Mandeln,de,USDA,
,milch,Blauschimmelkäse,de,USDA,
,nüsse,Wasser, Pekannüsse, modifizierte Maisstärke",de
,milch,Schweizer Käse,de,USDA,
,gluten,Angereichertes Mehl,de,USDA,
,gluten,gebleichtes, angereichertes Mehl",de,USDA
,gluten,Bio-Schokoladenkekse,de,USDA,
,milch,Bio-Sauerrahm,de,USDA,
,nüsse,geröstete Pekannüsse: Pekannüsse,de,USDA,
,milch,Vollmilch,de,USDA,
,milch,lipolysierte Creme,de,USDA,
,gluten,Bio-Schalen,de,USDA,
,milch,Romano-Käse aus Kuhmilch,de,USDA,
,milch,Calciumlactat,de,USDA,
,gluten,Cracker,de,USDA,
,soja,Cracker,de,USDA,
,sulfite,Maraschinokirschen,de,USDA,
,sulfite,Schwefeldioxid,de,USDA,
,ei,Nudeln,de,USDA,
,gluten,Nudeln,de,USDA,
,erdnuss,Pepitas,de,USDA,
,soja,Pepitas,de,USDA,
,soja,pflanzliches Backfett,de,USDA,
,milch,Ghirardelli-Schokoladenstückchen, getrocknete Kirschen",de,USDA
,soja,Antioxidans,de,USDA,
,milch,Sauerrahmfeststoffe,de,USDA,
,nüsse,Mandelsa,de,USDA,
,gluten,Bio-Tortilla: Bio-Vollkornmehl,de,USDA,
,erdnuss,In Honig geröstete Pekannüsse,de,USDA,
,gluten,In Honig geröstete Pekannüsse,de,USDA,
,soja,In Honig geröstete Pekannüsse,de,USDA,
,erdnuss,Chili-Erdnüsse,de,USDA,
,milch,Cheddar und Blauschimmelkäse,de,USDA,
,milch,weiße Schokoladenstückchen,de,USDA,
,soja,weiße Schokoladenstückchen,de,USDA,
,gluten,Mit Spinatwickel angereichertes ungebleichtes Mehl,de,USDA,
,milch,pasteurisierte Bio-Vollmilch,de,USDA,
,gluten,würzige Käsecracker: angereichertes Mehl,de,USDA,
,milch,pasteurisierte Milch mit reduziertem Fettgehalt,de,USDA,
,milch,Fettfreier Joghurt,de,USDA,
,soja,Süßes Erd-Curry-Seitan,de,USDA,
,gluten,Süßes Erd-Curry-Seitan,de,USDA,
,gluten,weiches rotes Winterweizenmehl,de,USDA,
,milch,Frischkäse,de,USDA,
,fisch,Krabbenfleisch,de,USDA,
,milch,Truthahnbrühe,de,USDA,
,gluten,Alaska-Seelachsfilets, panierte Panade, angereichertes gebleichtes Weizenmehl ",de
,sesam,Sesamöl, gesalzene Chilischote",de,USDA
,nüsse,Mandeln,de,USDA,
,erdnuss,Mandeln,de,USDA,
,soja,Pflanzenöl,de,USDA,
,milch,Molke+,de,USDA,
,gluten,angereichertes gebleichtes Weizenmehl,de,USDA,
,gluten,Bio-Wan-Tan-Streifen: Bio-Weizenmehl,de,USDA,
,gluten,ungebleichtes angereichertes Mehl,de,USDA,
,soja,Bio-Sojamilch,de,USDA,
,milch,Nichtmilchsäure,de,USDA,
,nüsse,Bio geschälte Kastanien,de,USDA,
,gluten,ungebleichtes angereichertes Mehl,de,USDA,
,milch,kultivierte Magermilch und Milch,de,USDA,
,erdnuss,Fudgeband,de,USDA,
,soja,Fudgeband,de,USDA,
,milch,Süßrahm-Buttermilchmolke,de,USDA,
,milch,Parmesankäse,de,USDA,
,sulfite,getrocknete Mango,de,USDA,
,milch,Parmesankäse,de,USDA,
,soja,Emulgator,de,USDA,
,milch,Molkefeststoffe,de,USDA,
,milch,Romano-Käse,de,USDA,
,gluten,Mehrkornbrot,de,USDA,
,gluten,Angereichertes Mehl,de,USDA,
,milch,Milchschokolade,de,USDA,
,soja,Milchschokolade,de,USDA,
,milch,Joghurt,de,USDA,
,gluten,Brezeln,de,USDA,
,milch,Käse,de,USDA,
,milch,Vanille-Light-Eis: Magermilch,de,USDA,
,milch,weißer Cheddar-Käse,de,USDA,
,gluten,Schneeflockenbrezeln,de,USDA,
,milch,Vermont-Cheddar-Käse,de,USDA,
,milch,dunkle Schokolade,de,USDA,
,soja,dunkle Schokolade,de,USDA,
,soja,Pflanzenöl,de,USDA,
,milch,Ricotta,de,USDA,
,soja,Soja},de,USDA,
,milch,Nieselregen,de,USDA,
,soja,Nieselregen,de,USDA,
,milch,Joghurt: kultivierte pasteurisierte fettfreie Milch,de,USDA,
,gluten,Vollkornweißes Vollkornmehl,de,USDA,
,soja,Weizenfreies Tamari,de,USDA,
,gluten,Mehl,de,USDA,
,milch,Romano-Käse,de,USDA,
,milch,2 % oder weniger Butter,de,USDA,
,milch,Cheddar-Käse,de,USDA,
,gluten,Cheddar-Käse,de,USDA,
,sellerie,weniger als 2 % von: gekochtem Gemüse,de,USDA,
,milch,Hüttenkäse,de,USDA,
,soja,Halbsüße Schokoladenstückchen,de,USDA,
,milch,pasteurisierte Molke,de,USDA,
,soja,texturiertes pflanzliches Protein,de,USDA,
,soja,Pflanzenöl,de,USDA,
,soja,Bio-Expeller-gepresstes Sojalecithin,de,USDA,
,gluten,Kuchenknusper,de,USDA,
,soja,Kuchenknusper,de,USDA,
,milch,Frischkäse,de,USDA,
,milch,weiße Schokolade,de,USDA,
,soja,weiße Schokolade,de,USDA,
,fisch,frischer Felchen,de,USDA,
,gluten,Semmelbrösel,de,USDA,
,soja,Margarine,de,USDA,
,nüsse,Cashewnüsse der Extraklasse,de,USDA,
,sulfite,Cabernet-Wein,de,USDA,
,erdnuss,mit Meersalz geröstete Cashewnüsse,de,USDA,
,nüsse,mit Meersalz geröstete Cashewnüsse,de,USDA,
,milch,Milchschokolade,de,USDA,
,soja,Milchschokolade,de,USDA,
,soja,Pflanzenöl,de,USDA,
,milch,Ricotta-Käse,de,USDA,
,gluten,Angereicherte Nudeln,de,USDA,
,milch,Romano-Käse,de,USDA,
,soja,Spareribs nach St. Louis-Art,de,USDA,
,milch,Salz und Gerstenmalz, Molke, ganze Haferflocken",de
,milch,Pilzcremesuppengewürz,de,USDA,
,gluten,Pilzcremesuppengewürz,de,USDA,
,gluten,Waffeln,de,USDA,
,soja,Waffeln,de,USDA,
,senf,Senföl,de,USDA,
,gluten,angereichert mit vier,de,USDA,
,milch,fettfreie Buttermilch,de,USDA,
,milch,Frischkäseglasur: Puderzucker,de,USDA,
,ei,Apfeldessert,de,USDA,
,nüsse,Haselnussmehl,de,USDA,
,erdnuss,geröstete Bio-Erdnüsse,de,USDA,
,nüsse,geröstete Bio-Kürbiskerne,de,USDA,
,soja,dunkle Schokolade,de,USDA,
,milch,dunkle Schokolade,de,USDA,
,soja,Pflanzenöl,de,USDA,
,milch,Milchschokolade,de,USDA,
,soja,Milchschokolade,de,USDA,
,fisch,Meeresmuscheln und Meeresmuschelsaft,de,USDA,
,krebstiere,Meeresmuscheln und Meeresmuschelsaft,de,USDA,
,milch,Buttercreme,de,USDA,
,milch,Von Graziers zertifizierte pasteurisierte Sahne,de,USDA,
,soja,Glutenfreies Tamari mit reduziertem Natriumgehalt,de,USDA,
,gluten,Glutenfreies Tamari mit reduziertem Natriumgehalt,de,USDA,
,nüsse,Bio-Macadamianüsse,de,USDA,
,soja,Margarine,de,USDA,
,milch,Margarine,de,USDA,
,gluten,Karotte und Tomate; Nudeln ; Thunfisch,de,USDA,
,ei,Karotte und Tomate; Nudeln ; Thunfisch,de,USDA,
,fisch,Karotte und Tomate; Nudeln ; Thunfisch,de,USDA,
,erdnuss,geröstete Erdnüsse,de,USDA,
,nüsse,Baumnüsse,de,USDA,
,nüsse,Bio Paranüsse,de,USDA,
,gluten,Gekochte Penne-Nudeln,de,USDA,
,ei,Gekochte Penne-Nudeln,de,USDA,
,milch,Havarti-Käse,de,USDA,
,sulfite,Natriummetabisulfit als Farbstabilisator zugesetzt,de,USDA,
,soja,Meersalz-Toffee,de,USDA,
,milch,Meersalz-Toffee,de,USDA,
,soja,Halbsüße Schokoladenstückchen,de,USDA,
,nüsse,Halbsüße Schokoladenstückchen,de,USDA,
,gluten,gekochte Nudeln,de,USDA,
,nüsse,raffiniertes Kokosöl,de,USDA,
,fisch,Garnelenpaste,de,USDA,
,soja,Soja-Lecthin  und Vanille,de,USDA,
,milch,fettreduzierter Cheddar-Käse,de,USDA,
,nüsse,geröstete Kokosnuss,de,USDA,
,milch,Sauerrahm,de,USDA,
,milch,geriebener Käse,de,USDA,
,milch,Cheddar-Käse,de,USDA,
,soja,Pflanzenöl,de,USDA,
,soja,Koreanisches Gewürz,de,USDA,
,sesam,Koreanisches Gewürz,de,USDA,
,milch,Milch-Calcium-Komplex,de,USDA,
,milch,geriebener Cheddar-Jack-Käse,de,USDA,
,fisch,Alaska-Seelachsfilets,de,USDA,
,soja,Margerine,de,USDA,
,soja,Soja- und Kokosöl,de,USDA,
,milch,Sahne,de,USDA,
,milch,Milchtrockenmasse mindestens 18 %,de,USDA,
,milch,Parmesankäse,de,USDA,
,fisch,Fischbrühe,de,USDA,
,milch,Fischbrühe,de,USDA,
,milch,Parmesan und Romano-Käse,de,USDA,
,milch,Romano-Käse,de,USDA,
,erdnuss,Erdnussbutterchips,de,USDA,
,milch,Erdnussbutterchips,de,USDA,
,soja,Erdnussbutterchips,de,USDA,
,soja,Mayonnaise,de,USDA,
,ei,Mayonnaise,de,USDA,
,milch,Sauerrahm,de,USDA,
,soja,Gewürztes, ohne Antibiotika gezüchtetes Hähnchen ",de,USDA
,ei,Gewürztes, ohne Antibiotika gezüchtetes Hähnchen ",de,USDA
,soja,Bio-Shirokoshi,de,USDA,
,milch,Bio-Cheddar-Käse,de,USDA,
,sesam,geröstetes Bio-Sesamöl,de,USDA,
,soja,Bio-Schokolade,de,USDA,
,sesam,Bio-Expeller-gepresstes Sesamöl, Xanthangummi",de,USDA
,ei,Eigelb,de,USDA,
,soja,gehärtetes Pflanzenöl,de,USDA,
,soja,Pflanzliches Backfett,de,USDA,
,sulfite,Natriummetabisulfit,de,USDA,
,milch,Huhn und Rindfleisch,de,USDA,
,gluten,Gekeimter Bio-Khorasan-Weizen,de,USDA,
,erdnuss,Erdnussbutter,de,USDA,
,krebstiere,Garnelen,de,USDA,
,milch,Hergestellt aus Hartweizenmehl und pasteurisierten Eiern,de,USDA,
,ei,Hergestellt aus Hartweizenmehl und pasteurisierten Eiern,de,USDA,
,gluten,Hergestellt aus Hartweizenmehl und pasteurisierten Eiern,de,USDA,
,milch,Sahne 40 %,de,USDA,
,fisch,Fischbestand,de,USDA,
,nüsse,Mandelbutter,de,USDA,
,milch,Kulturmilch und fettreduzierte Milch,de,USDA,
,milch,Bitterschokolade,de,USDA,
,milch,fettreduzierte Milch,de,USDA,
,gluten,Semmelbrösel,de,USDA,
,soja,Semmelbrösel,de,USDA,
,krebstiere,Garnele,de,USDA,
,sesam,Bio-Sesampaste,de,USDA,
,milch,Cheddar-Käse mit Chipotle-Paprika,de,USDA,
,soja,teilweise gehärtetes Pflanzenöl,de,USDA,
,gluten,grüne Paprika und Bier,de,USDA,
,milch,Hochwertige, fettreduzierte Bio-Milch von grasgefütterten Tieren",de,USDA
,milch,dunkle Schokoladenstückchen,de,USDA,
,soja,dunkle Schokoladenstückchen,de,USDA,
,gluten,gemahlene glutenfreie Tofurky-Wurst: Wasser,de,USDA,
,sulfite,sonnengetrocknete Tomaten,de,USDA,
,nüsse,Cashewnüsse,de,USDA,
,milch,Milchschokolade,de,USDA,
,nüsse,geröstete gesalzene Pekannüsse,de,USDA,
,milch,pasteurisierte teilentrahmte Kuhmilch,de,USDA,
,soja,Sojaöl,de,USDA,
,gluten,Mehl und Salz,de,USDA,
,gluten,Blaubeer-Nuggets,de,USDA,
,soja,Blaubeer-Nuggets,de,USDA,
,ei,Angereicherte Eiernudeln,de,USDA,
,gluten,Angereicherte Eiernudeln,de,USDA,
,milch,aktive Joghurtkulturen l,de,USDA,
,nüsse,Fairtrade getrocknete Kokosnuss,de,USDA,
,ei,French Toast mit Zimtstrudel,de,USDA,
,milch,French Toast mit Zimtstrudel,de,USDA,
,soja,French Toast mit Zimtstrudel,de,USDA,
,gluten,French Toast mit Zimtstrudel,de,USDA,
,milch,kultivierte pasteurisierte Magermilch der Güteklasse A,de,USDA,
,nüsse,Pistazien,de,USDA,
,soja,hydrolysierte Mais- und Sojaproteine,de,USDA,
,gluten,ungebleichtes, nicht angereichertes Weizenmehl",de,USDA
,gluten,Weizengluten und Hefe,de,USDA,
,milch,teilentrahmter Mozzarella-Käse,de,USDA,
,soja,Pflanzenöl,de,USDA,
,gluten,Brot,de,USDA,
,soja,Brot,de,USDA,
,nüsse,Bananenchips,de,USDA,
,milch,Milchschokolade,de,USDA,
,soja,Milchschokolade,de,USDA,
,milch,Bio-Weiß-Cheddar-Gewürz,de,USDA,
,gluten,angereichertes gebleichtes Weizenmehl,de,USDA,
,milch,Butterfett,de,USDA,
,soja,Margarine,de,USDA,
,milch,Margarine,de,USDA,
,soja,Pflanzenöl,de,USDA,
,nüsse,Bio-Kokosnuss,de,USDA,
,sesam,Sesamsamen und Sellerieprotein,de,USDA,
,sellerie,Sesamsamen und Sellerieprotein,de,USDA,
,milch,Bäckerkäse,de,USDA,
,milch,Mozzarella-Käse mit niedrigem Feuchtigkeitsgehalt,de,USDA,
,gluten,Mozzarella-Käse mit niedrigem Feuchtigkeitsgehalt,de,USDA,
,milch,Sahne,de,USDA,
,gluten,Angereicherte Fadennudeln,de,USDA,
,milch,Bio-Feta-Käse,de,USDA,
,soja,Milchfreier Kaffeeweißer,de,USDA,
,milch,Milchfreier Kaffeeweißer,de,USDA,
,erdnuss,Kann enthalten: Erdnuss,de,USDA,
,ei,weniger als 2 %: Eier,de,USDA,
,gluten,ungebleichtes Mehl mit hohem Glutengehalt,de,USDA,
,soja,Margarine,de,USDA,
,gluten,Bio-Semmelbrösel,de,USDA,
,fisch,gekochter Lachs,de,USDA,
,gluten,Weizen,de,USDA,
,milch,Sahne,de,USDA,
,milch,dehydrierter Cheddar-Käse,de,USDA,
,milch,gewürzter Frischkäse,de,USDA,
,ei,gewürzter Frischkäse,de,USDA,
,gluten,Zimtstreusel,de,USDA,
,ei,flüssige ganze Eier,de,USDA,
,milch,Bio-Zartbitterschokolade,de,USDA,
,milch,Sojamehl-Frischkäse,de,USDA,
,soja,Sojamehl-Frischkäse,de,USDA,
,soja,Vanillechips,de,USDA,
,soja,Bio-Zartbitterschokolade,de,USDA,
,gluten,angereichertes gebleichtes Mehl,de,USDA,
,krebstiere,gekochte Garnelen,de,USDA,
,milch,Mozzarella-Käse,de,USDA,
,milch,ungesalzene Butter,de,USDA,
,soja,dunkle Schokolade,de,USDA,
,milch,dunkle Schokolade,de,USDA,
,milch,Mischmilchkäse,de,USDA,
,milch,kultivierte fettfreie Trockenmilch,de,USDA,
,gluten,Udon-Nudeln,de,USDA,
,nüsse,trockene Kokosnuss,de,USDA,
,gluten,Paniermehl: gebleichtes Weizenmehl,de,USDA,
,soja,Soja- oder Baumwollöl,de,USDA,
,soja,Bio-Enzyme,de,USDA,
,milch,Bio-Joghurt,de,USDA,
,sesam,GVO-freies Expeller-gepresstes Sesamöl,de,USDA,
,milch,pasteurisierter amerikanischer Prozesskäse,de,USDA,
,milch,Passierter Joghurt,de,USDA,
,erdnuss,Erdnüsse,de,USDA,
,milch,Feta-Käse,de,USDA,
,milch,Sauerrahm,de,USDA,
,milch,Mozzarella-Käse: fettarmer Mozzarella-Käse,de,USDA,
,nüsse,Bananenchips,de,USDA,
,gluten,Bio-Weizencracker aus Steinmehl: Bio-ungebleichtes Weizenmehl,de,USDA,
,milch,Käse,de,USDA,
,milch,Frischkäse,de,USDA,
,soja,Schokoladenstückchen,de,USDA,
,milch,geriebener Hartkäse,de,USDA,
,milch,Parmesankäse: pasteurisierte teilentrahmte Milch,de,USDA,
,fisch,Sardellenpaste,de,USDA,
,milch,Pilzgewürz,de,USDA,
,sulfite,Karamellfarbe,de,USDA,
,soja,Bio-Schokoladenstückchen,de,USDA,
,milch,Milchproduktfeststoffe,de,USDA,
,gluten,angereichertes Weizenmehl,de,USDA,
,soja,Pflanzenölfett,de,USDA,
,senf,ausgewählte Senfkörner,de,USDA,
,soja,Baumwollsamenöl und/oder Sojaöl,de,USDA,
,milch,Bio-Butter,de,USDA,
,sellerie,Selleriefond,de,USDA,
,gluten,Schokoladenkekse,de,USDA,
,soja,Schokoladenkekse,de,USDA,
,milch,Schokoladenkekse,de,USDA,
,milch,Parmesankäse,de,USDA,
,erdnuss,Erdnussbutterbecher,de,USDA,
,milch,Erdnussbutterbecher,de,USDA,
,soja,Pflanzenöl,de,USDA,
,nüsse,trocken geröstete, ungeschälte Mandeln",de,USDA
,fisch,Sardellenpaste,de,USDA,
,soja,teilweise hydrierte Sojabohne,de,USDA,
,nüsse,geröstete Mandeln,de,USDA,
,milch,geröstete Mandeln,de,USDA,
,milch,geräucherter Provolone-Käse,de,USDA,
,milch,teilentrahmter Mozzarellakäse mit niedrigem Feuchtigkeitsgehalt,de,USDA,
,soja,strukturiertes pflanzliches Protein,de,USDA,
,ei,Mehl ; Eigelb,de,USDA,
,gluten,Mehl ; Eigelb,de,USDA,
,soja,teilweise hydriertes Pflanzenfett,de,USDA,
,gluten,raffiniertes Weizenmehl,de,USDA,
,soja,und weniger als 2 % Sojaproteinisolat,de,USDA,
,ei,gezuckertes Eigelb,de,USDA,
,fisch,Wels,de,USDA,
,milch,Milchcreme,de,USDA,
,gluten,gekochte Nudeln,de,USDA,
,krebstiere,gefriergetrocknete Garnelen,de,USDA,
,nüsse,Haselnüsse 2,de,USDA,
,milch,Monterey-Jack-Käse,de,USDA,
,nüsse,Brasilien,de,USDA,
,soja,Fudge-Stückchen,de,USDA,
,milch,Fudge-Stückchen,de,USDA,
,sulfite,Natriummetabisulfit und Enzyme,de,USDA,
,milch,Käse,de,USDA,
,gluten,Brezelchips: Weizenmehl,de,USDA,
,ei,Bio-Eigelb,de,USDA,
,milch,Enzymmodifizierte Cheddar-Käsefeststoffe,de,USDA,
,gluten,Nudeln und Gemüsenudeln,de,USDA,
,soja,pflanzliches Backfett,de,USDA,
,soja,teilweise hydriertes pflanzliches Backfett,de,USDA,
,sulfite,Schwefeldioxid,de,USDA,
,gluten,Tortenboden,de,USDA,
,sulfite,Tortenboden,de,USDA,
,milch,Butter,de,USDA,
,senf,Kräftiger und süßer BBQ Rub,de,USDA,
,soja,Kräftiger und süßer BBQ Rub,de,USDA,
,gluten,Kräftiger und süßer BBQ Rub,de,USDA,
,gluten,Angereicherte Makkaroni,de,USDA,
,soja,Sojabohnen- und Palmöl,de,USDA,
,gluten,Bio gekeimtes Vollkornmehl,de,USDA,
,milch,Käse nach Chihuahua-Art,de,USDA,
,milch,Romano-Käse,de,USDA,
,gluten,Matzenkrümel Matzenmehl,de,USDA,
,sesam,Sesamöl+,de,USDA,
,milch,halb und halb  pflanzliches Backfett,de,USDA,
,soja,Pflanzenöl,de,USDA,
,soja,Margarine,de,USDA,
,milch,Margarine,de,USDA,
,gluten,angereichertes ungebleichtes Weizenmehl,de,USDA,
,milch,Bio-Cheddar-Käse,de,USDA,
,gluten,Nudeln 70 %: Hartweizengrieß,de,USDA,
,gluten,Mehrkorn-Croutons,de,USDA,
,milch,Mehrkorn-Croutons,de,USDA,
,milch,Zitronen-Hühnerbrühe,de,USDA,
,soja,Miso-Brühe,de,USDA,
,sulfite,Reiswein,de,USDA,
,milch,Eiscreme,de,USDA,
,soja,Mayonnaise,de,USDA,
,ei,Mayonnaise,de,USDA,
,senf,Mayonnaise,de,USDA,
,soja,Halbsüße Schokoladenstückchen,de,USDA,
,milch,geriebener Mozzarella-Käse,de,USDA,
,milch,Scharfer Bio-Cheddar-Käse,de,USDA,
,gluten,Bio-Makkaroni,de,USDA,
,milch,Milchschokolade,de,USDA,
,soja,Milchschokolade,de,USDA,
,gluten,mittelgroßer Couscous,de,USDA,
,soja,Pflanzenöl,de,USDA,
,milch,Milchschokolade,de,USDA,
,soja,Milchschokolade,de,USDA,
,milch,teilentrahmter Mozzarella mit niedrigem Feuchtigkeitsgehalt,de,USDA,
,gluten,angereichertes gebleichtes Weizenmehl,de,USDA,
,milch,Ende Juli mildes Bio-Mojo-Gewürz,de,USDA,
,gluten,ungebleichtes angereichertes Weizenmehl,de,USDA,
,ei,käfigfreies gesalzenes Eigelb,de,USDA,
,nüsse,Geröstete Bio-Macadamianüsse,de,USDA,
,milch,Asiago-Käse,de,USDA,
,soja,Margarine,de,USDA,
,soja,gehärtetes Pflanzenöl,de,USDA,
,sellerie,Bio-frischer Sellerie,de,USDA,
,milch,Schinken mit natürlichen Säften,de,USDA,
,soja,Gochujang-Paprikapaste,de,USDA,
,sesam,Gochujang-Paprikapaste,de,USDA,
,erdnuss,Bio-Erdnussbutter,de,USDA,
,nüsse,Walnusshälften,de,USDA,
,milch,Monterey-Jack-Käse  Colby-Käse,de,USDA,
,gluten,Semmelbrösel,de,USDA,
,soja,Semmelbrösel,de,USDA,
,gluten,Angereichertes Weizenmehl, Natriumbicarbonat, Hefe",de
,soja,Angereichertes Weizenmehl, Natriumbicarbonat, Hefe",de
,ei,Eifeststoffe,de,USDA,
,milch,Milchschokolade,de,USDA,
,soja,Milchschokolade,de,USDA,
,soja,toskanisches Bohnenkraut,de,USDA,
,gluten,toskanisches Bohnenkraut,de,USDA,
,krebstiere,Garnelen,de,USDA,
,sulfite,weißer Balsamico-Essig,de,USDA,
,milch,Schweizer Käse,de,USDA,
,milch,pasteurisierter Schmelzkäse: kultivierte pasteurisierte Milch,de,USDA,
,gluten,Angereichertes Mehl,de,USDA,
,milch,Mozzarella-Käse,de,USDA,
,soja,Müsli,de,USDA,
,gluten,Müsli,de,USDA,
,ei,Nudeln,de,USDA,
,gluten,Nudeln,de,USDA,
,milch,Cheddar-Gewürz,de,USDA,
,milch,Asiago-Käse,de,USDA,
,fisch,Thunfischfilets,de,USDA,
,soja,Halbsüße Schokolade,de,USDA,
,erdnuss,Natriumcitrat} schokoladig überzogene Erdnüsse,de,USDA,
,milch,Natriumcitrat} schokoladig überzogene Erdnüsse,de,USDA,
,ei,käfigfreies Eiweiß,de,USDA,
,milch,Fettarmer Vanillejoghurt,de,USDA,
,milch,Ricotta-Käse,de,USDA,
,gluten,angereichertes gebleichtes Weizenmehl,de,USDA,
,soja,Bagel,de,USDA,
,gluten,Bagel,de,USDA,
,gluten,Gekochte Makkaroni-Nudeln,de,USDA,
,ei,Gekochte Makkaroni-Nudeln,de,USDA,
,milch,weißer Cheddar-Käse,de,USDA,
,milch,Colby- und Monterey-Jack-Käse,de,USDA,
,milch,Salz 2 % oder weniger der Romano-Käsefeststoffe aus Kuhmilch,de,USDA,
,gluten,Angereicherte Nudeln,de,USDA,
,milch,frische kultivierte Buttermilch,de,USDA,
,erdnuss,Erdnussbutter,de,USDA,
,gluten,Angereichertes Mehl,de,USDA,
,milch,dunkle Schokolade,de,USDA,
,milch,Rosmarin-Olivenöl-Gewürz,de,USDA,
,senf,gelber Senf,de,USDA,
,milch,Romano-Käse,de,USDA,
,milch,pasteurisierte Sahne und Zitronensäure,de,USDA,
,erdnuss,Erdnüsse: geröstete Erdnüsse,de,USDA,
,gluten,Getreide,de,USDA,
,milch,Butter,de,USDA,
,milch,kultivierte, pasteurisierte, teilentrahmte Bio-Milch",de
,soja,Sojalecithin,de,USDA,
,gluten,Angereichertes Weizenmehl,de,USDA,
,soja,Pflanzenöl .,de,USDA,
,milch,pasteurisierter Kuhrahm,de,USDA,
,milch,Käse: geriebener Parmesankäse,de,USDA,
,gluten,ungebleichtes angereichertes Weizenmehl,de,USDA,
,fisch,Wilder Alaska-Seelachs,de,USDA,
,gluten,harter roter Winterweizen,de,USDA,
,gluten,Graham-Krümel,de,USDA,
,milch,Vollmilch in Bio-Qualität,de,USDA,
,nüsse,Gehackte Bio-Mandeln,de,USDA,
,gluten,angereichertes ungebleichtes Weizenmehl,de,USDA,
,milch,Milch,de,USDA,
,gluten,Müsli,de,USDA,
,soja,Müsli,de,USDA,
,milch,Müsli,de,USDA,
,gluten,Obst in Saft,de,USDA,
,nüsse,Pflanzenöl,de,USDA,
,milch,pasteurisierte Bio-Milchmolke,de,USDA,
,milch,Feta-Käse,de,USDA,
,gluten,Brezeln,de,USDA,
,soja,Brezeln,de,USDA,
,gluten,Vollständig gekochte Panko-Hähnchenbrust mit Rippenfleisch,de,USDA,
,soja,Vollständig gekochte Panko-Hähnchenbrust mit Rippenfleisch,de,USDA,
,soja,Pflanzenöle,de,USDA,
,soja,Pflanzenöl,de,USDA,
,milch,pasteurisiertes Büffelcreme-Meersalz,de,USDA,
,soja,Margarine,de,USDA,
,soja,Pflanzenöle,de,USDA,
,gluten,Knoblauchbrot,de,USDA,
,soja,Knoblauchbrot,de,USDA,
,senf,Süßes Gurkenrelish,de,USDA,
,sellerie,Süßes Gurkenrelish,de,USDA,
,sellerie,Sellerieblatt,de,USDA,
,milch,New Yorker Cheddar-Käse,de,USDA,
,gluten,Fladenbrot,de,USDA,
,sesam,Fladenbrot,de,USDA,
,erdnuss,Cashewnüsse,de,USDA,
,nüsse,Cashewnüsse,de,USDA,
,soja,Cashewnüsse,de,USDA,
,soja,Pflanzenöl,de,USDA,
,soja,pflanzliches Backfett,de,USDA,
,milch,Bio-Milchprotein,de,USDA,
,nüsse,Pekannüsse,de,USDA,
,sellerie,Bio-Sellerie- und Apfelsaftkonzentrate,de,USDA,
,soja,Pflanzenöl – Soja- und/oder Rapsöl,de,USDA,
,fisch,Bonito-Thunfisch,de,USDA,
,gluten,halbsüße Schokoladenstückchen,de,USDA,
,gluten,angereichertes gebleichtes und ungebleichtes Mehl,de,USDA,
,gluten,angereicherter Hartweizengrieß,de,USDA,
,gluten,Mehl mit hohem Glutengehalt,de,USDA,
,soja,weiße Beschichtung,de,USDA,
,sulfite,& Kaliummetabisulfit,de,USDA,
,fisch,Tintenfisch Loligo  / Calamar Loligo,de,USDA,
,krebstiere,Tintenfisch Loligo  / Calamar Loligo,de,USDA,
,soja,Pflanzenöl,de,USDA,
,gluten,kultivierte Bio-Weizenstärke,de,USDA,
,erdnuss,grüne gekochte Erdnüsse,de,USDA,
,milch,pasteurisierte Molke und Milch,de,USDA,
,soja,weniger als 2 % Pflanzenöl,de,USDA,
,milch,Bio fettarme pasteurisierte Milch,de,USDA,
,milch,Milchschokoladenbonbons,de,USDA,
,soja,Milchschokoladenbonbons,de,USDA,
,erdnuss,Erythrit-Erdnussmehl,de,USDA,
,sulfite,Schwefeldioxid,de,USDA,
,sulfite,Pflaumen,de,USDA,
,milch,Creme,de,USDA,
,fisch,raffiniertes Fischöl  modifizierte Kartoffelstärke,de,USDA,
,gluten,Angereichertes Weizenmehl,de,USDA,
,gluten,Keks: gebleichtes, angereichertes Weizenmehl ",de,USDA
,milch,Ultrafiltrierte Bio-Magermilch der Güteklasse A,de,USDA,
,milch,Sauerrahm,de,USDA,
,fisch,getrocknete Fischflocken,de,USDA,
,nüsse,geröstete, geschälte Sonnenblumenkerne .",de,USDA
,milch,Eiscreme mit reduziertem Fettgehalt,de,USDA,
,milch,2 % oder weniger Bio-Butter,de,USDA,
,ei,Mit Nisin-Zubereitung konservierte Eier,de,USDA,
,erdnuss,natürliche Aromen,de,USDA,
,soja,Gemüsebrühe,de,USDA,
,sellerie,Gemüsebrühe,de,USDA,
,ei,gezuckertes Eigelb,de,USDA,
,milch,Grade ein miak,de,USDA,
,fisch,Weißer Thunfisch  Salat,de,USDA,
,soja,teilweise gehärtetes Pflanzenöl,de,USDA,
,gluten,Weizenkuchenmehl,de,USDA,
,milch,pasteurisierte Milch der Güteklasse A,de,USDA,
,milch,Scharfer amerikanischer Käse,de,USDA,
,gluten,gebleichtes, angereichertes Mehl ",de,USDA
,gluten,gekeimte Bio-Weizenkörner,de,USDA,
,gluten,garniert mit Weizenkleie,de,USDA,
,milch,Halbsüße Schokoladentropfen,de,USDA,
,soja,Halbsüße Schokoladentropfen,de,USDA,
,krebstiere,Halbsüße Schokoladentropfen,de,USDA,
,erdnuss,Erdnussbutter,de,USDA,
,soja,Mit Bonbons überzogene Sojanüsse aus dunkler Schokolade,de,USDA,
,milch,Instant-Trockenmilch ohne Fett,de,USDA,
,soja,Gekochtes, mit Bulgogi gewürztes Rindfleisch ",de,USDA
,gluten,Gekochtes, mit Bulgogi gewürztes Rindfleisch ",de,USDA
,sesam,Gekochtes, mit Bulgogi gewürztes Rindfleisch ",de,USDA
,milch,importierter Pecorino Romano-Käse,de,USDA,
,milch,Cheddar-Clubkäse,de,USDA,
,nüsse,Bio-Mandelmehl,de,USDA,
,milch,Bio-Cheddar-Käse,de,USDA,
,milch,laktosereduzierte, fettfreie Milch",de,USDA
,fisch,wilder Rotlachs,de,USDA,
,fisch,Lachs,de,USDA,
,ei,Brownie,de,USDA,
,gluten,Brownie,de,USDA,
,soja,Brownie,de,USDA,
,milch,Fontina-Käse,de,USDA,
,milch,ungeräucherter Provolone-Käse,de,USDA,
,gluten,Angereichertes Weizenmehl,de,USDA,
,milch,weißer Fudge,de,USDA,
,soja,weißer Fudge,de,USDA,
,soja,Butterstabilisator,de,USDA,
,milch,Butterstabilisator,de,USDA,
,milch,Milchschokolade,de,USDA,
,soja,Milchschokolade,de,USDA,
,soja,und Sojalecithin,de,USDA,
,gluten,Semmelbrösel,de,USDA,
,soja,Pflanzenöl,de,USDA,
,erdnuss,Erdnussbutterflocken,de,USDA,
,milch,gehobelter Parmesan,de,USDA,
,ei,gehobelter Parmesan,de,USDA,
,soja,Emulgator,de,USDA,
,nüsse,dampfpasteurisierte Mandeln,de,USDA,
,soja,Schokoladenstückchen,de,USDA,
,milch,Schokoladenstückchen,de,USDA,
,milch,geriebener Parmesankäse,de,USDA,
,sulfite,Peperoncini-Paprika,de,USDA,
,soja,flüssiges und teilweise hydriertes Sojaöl,de,USDA,
,milch,weißer Stiltonkäse,de,USDA,
,milch,pasteurisierte fettfreie Milch,de,USDA,
,soja,dunkle Schokolade,de,USDA,
,milch,dunkle Schokolade,de,USDA,
,milch,Weiße Bio-Schokolade,de,USDA,
,gluten,gebleichtes, angereichertes Mehl ",de,USDA
,ei,flüssiges Eigelb,de,USDA,
,nüsse,sizilianische Pistazien,de,USDA,
,soja,Raps- und/oder Sojaöl mit Zitronensäure und TBHQ zur Erhaltung der Frische,de,USDA,
,gluten,Angereichertes Weizenmehl,de,USDA,
,milch,Frischkäse,de,USDA,
,erdnuss,Erdnussbuttertropfen,de,USDA,
,milch,Erdnussbuttertropfen,de,USDA,
,soja,Erdnussbuttertropfen,de,USDA,
,sulfite,getrocknete Birnen,de,USDA,
,soja,weniger als 2 % von: Sojalecithin,de,USDA,
,milch,Teilentrahmter Mozzarellakäse mit niedrigem Feuchtigkeitsgehalt,de,USDA,
,gluten,modifizierte Maisstärke; Wan-Tan-Streifen: Weizenmehl,de,USDA,
,milch,Peperoni,de,USDA,
,milch,Käsekultur und Enzyme,de,USDA,
,sesam,Bio-Sesam-Kakaobutter,de,USDA,
,milch,Pepper-Jack-Käse,de,USDA,
,milch,Butter,de,USDA,
,sulfite,Kokosnuss mit Natriummetabisulfit,de,USDA,
,nüsse,Bio-Cashewnüsse,de,USDA,
,gluten,Angereichertes Weizenmehl,de,USDA,
,milch,Buttermilch,de,USDA,
,nüsse,Haselnüsse/Haselnüsse,de,USDA,
,milch,bestehen aus Vollmilchschokolade {Zucker,de,USDA,
,sesam,Sesammehl,de,USDA,
,milch,Schokoladenstückchen,de,USDA,
,soja,Pflanzenöl,de,USDA,
,milch,pasteurisiertes Schweizer Käseprodukt,de,USDA,
,milch,Margarine,de,USDA,
,soja,Margarine,de,USDA,
,gluten,Kekse,de,USDA,
,soja,Kekse,de,USDA,
,milch,Kekse,de,USDA,
,milch,Asiago-Käse,de,USDA,
,gluten,Angereicherte Nudeln,de,USDA,
,nüsse,Nüsse,de,USDA,
,milch,getrocknete Sahne,de,USDA,
,gluten,modifizierte Weizenstärke und Gelb 6,de,USDA,
,sulfite,rote und gelbe Paprika,de,USDA,
,soja,weniger als 1 % Sojalecithin,de,USDA,
,milch,Mindestens 32 % .,de,USDA,
,milch,fettarme kultivierte Buttermilch,de,USDA,
,milch,Bio-Molkenproteinkonzentrat,de,USDA,
,soja,Farbe,de,USDA,
,milch,Makkaroni und Käse,de,USDA,
,gluten,Makkaroni und Käse,de,USDA,
,soja,Makkaroni und Käse,de,USDA,
,sulfite,Kaliumsorbat und Natriummetabisulfit,de,USDA,
,nüsse,Pflanzenöl  und Meersalz,de,USDA,
,soja,Tofu,de,USDA,
,milch,Milchschokolade-Karamell-Schildkröten: Zucker,de,USDA,
,gluten,Gekeimtes Bio-Khorasan-Mehl,de,USDA,
,gluten,angereichertes Weizenmehl,de,USDA,
,soja,Feuergeröstetes Edamame,de,USDA,
,milch,Parmesan und Asiago-Käse,de,USDA,
,milch, fettarme Milch,de,USDA,
,milch,weniger als 2 % fettfreie Milch,de,USDA,
,gluten,Deckblatt: Weizenmehl,de,USDA,
,gluten,Bio-Vollkorn-Tortilla,de,USDA,
,milch,gereifter Cheddar-Käse,de,USDA,
,gluten,Vollkorn,de,USDA,
,erdnuss,Erdnussölsalz,de,USDA,
,soja,Bio-Sojamilch,de,USDA,
,milch,Milchmolke,de,USDA,
,sulfite,Schwefeldioxid und Natriumbisulfit,de,USDA,
,gluten,Angereichertes Weizenmehl,de,USDA,
,soja,Backfett aus Palm-, Soja- und/oder Rapsöl",de,USDA
,gluten,Butterknackige Cracker,de,USDA,
,milch,Butterknackige Cracker,de,USDA,
,soja,Butterknackige Cracker,de,USDA,
,gluten,Weizen-Englisch-Muffin: Wasser,de,USDA,
,soja,Schokoladenstückchen,de,USDA,
,milch,Pecorino Romano-Käse,de,USDA,
,milch,Milch und Vitamin D3,de,USDA,
,milch,Karamell,de,USDA,
,soja,Karamell,de,USDA,
,gluten,Gumbo-Mehlschwitze-Gewürz: Weizenmehl,de,USDA,
,gluten,Gewürzte Semmelbrösel,de,USDA,
,milch,Bio-Parmesankäse,de,USDA,
,nüsse,Cashewnüsse: Rapsöl,de,USDA,
,gluten,angereichertes Weizenmehl gebleicht,de,USDA,
,soja,Fleischbällchen,de,USDA,
,gluten,Fleischbällchen,de,USDA,
,milch,Red Velvet Cupcake,de,USDA,
,milch,Hershey's halbsüße Schokoladenstückchen,de,USDA,
,soja,Hershey's halbsüße Schokoladenstückchen,de,USDA,
,milch,Weiße Süßwarenbeschichtung,de,USDA,
,soja,Weiße Süßwarenbeschichtung,de,USDA,
,senf,Senföl,de,USDA,
,milch,Grana Padano-Käse,de,USDA,
,ei,Grana Padano-Käse,de,USDA,
,soja,weißes Miso,de,USDA,
,milch,weiße Schokolade,de,USDA,
,soja,weiße Schokolade,de,USDA,
,nüsse,almonds cashews,de,USDA,
,sesam,Kann Sesamsamen und/oder Mohnsamen enthalten,de,USDA,
,gluten,strukturiertes Weizenprotein,de,USDA,
,milch,organic butterfat,de,USDA,
,gluten,Gewürzte Semmelbrösel,de,USDA,
,gluten,angereichertes ungebleichtes Weizenmehl,de,USDA,
,milch,Wassermolke,de,USDA,
,erdnuss,Erdnussbuttertropfen: Zucker,de,USDA,
,nüsse,Bananenchips,de,USDA,
,gluten,Angereichertes Weizenmehl,de,USDA,
,gluten,ungebleichtes Mehl,de,USDA,
,gluten,Semmelbrösel,de,USDA,
,milch,gewürztes gekochtes Rindersteak und Bindemittelprodukt,de,USDA,
,sesam,gewürztes gekochtes Rindersteak und Bindemittelprodukt,de,USDA,
,nüsse,Kokosnuss,de,USDA,
,sulfite,Kokosnuss,de,USDA,
,gluten,Bio-Vollkorn-Makkaroni,de,USDA,
,gluten,angereichertes gebleichtes Weizenmehl,de,USDA,
,gluten,angereichertes gebleichtes Weizenmehl,de,USDA,
,erdnuss,Pflanzenöl,de,USDA,
,soja,Schokoladentropfen,de,USDA,
,soja,Sojalecithin und Vanille,de,USDA,
,sesam,100 % gemahlene, geröstete Sesamkörner und Liebe!",de,USDA
,milch,Gekochte Ravioli: Spinat- und Artischockenravioli,de,USDA,
,gluten,Gekochte Ravioli: Spinat- und Artischockenravioli,de,USDA,
,ei,Gekochte Ravioli: Spinat- und Artischockenravioli,de,USDA,
,soja,umgeestertes Sojaölfett,de,USDA,
,milch,Merlot-Bellavitano-Käse,de,USDA,
,milch,Gekochte angereicherte Nudeln,de,USDA,
,ei,Gekochte angereicherte Nudeln,de,USDA,
,gluten,Gekochte angereicherte Nudeln,de,USDA,
,soja,Mayonnaise,de,USDA,
,ei,Mayonnaise,de,USDA,
,senf,Mayonnaise,de,USDA,
,milch,Provolone-Käse,de,USDA,
,milch,kultivierte fettfreie Buttermilch,de,USDA,
,milch,Karamell-Dip,de,USDA,
,sulfite,Karamell-Dip,de,USDA,
,gluten,israelisches Couscous,de,USDA,
,ei,Angereicherte Nudeln,de,USDA,
,gluten,Angereicherte Nudeln,de,USDA,
,milch,kultivierte Milch mit niedrigem Fettgehalt,de,USDA,
,milch,weiße Beschichtung,de,USDA,
,soja,weiße Beschichtung,de,USDA,
,soja,gehärtetes Pflanzenöl,de,USDA,
,soja,halbsüße Schokoladenstückchen,de,USDA,
,gluten,Angereichertes Mehl,de,USDA,
,milch,und Nisinpräparat ; Käse: Schweizer Käse,de,USDA,
,soja,Pflanzenöl,de,USDA,
,erdnuss,Erdnussbutter,de,USDA,
,soja,Käsekulturen,de,USDA,
,milch,Käsekulturen,de,USDA,
,milch,Cheddar-Käse,de,USDA,
,gluten,angereichertes Weizenmehl,de,USDA,
,gluten,Croissant,de,USDA,
,milch,Croissant,de,USDA,
,soja,Margarine,de,USDA,
,soja,Halbsüße Schokoladenstückchen,de,USDA,
,milch,Halbsüße Schokoladenstückchen,de,USDA,
,gluten,Angereichertes Mehl, Sojalecithin ",de,USDA
,ei,Angereichertes Mehl, Sojalecithin ",de,USDA
,soja,Angereichertes Mehl, Sojalecithin ",de,USDA
,milch,Angereichertes Mehl, Sojalecithin ",de,USDA
,gluten,Bio-Semmelbrösel,de,USDA,
,gluten,hydrolysiertes Mais-Soja-Weizenglutenprotein,de,USDA,
,soja,hydrolysiertes Mais-Soja-Weizenglutenprotein,de,USDA,
,senf,Süße Zwiebelvinaigrette,de,USDA,
,erdnuss,Pflanzenöl,de,USDA,
,soja,Pflanzenöl,de,USDA,
,nüsse,Haselnüsse,de,USDA,
,gluten,angereichertes Orzo-Nudelprodukt,de,USDA,
,gluten,Grissini: angereichertes Mehl,de,USDA,
,sulfite,Wein,de,USDA,
,nüsse,Pekannüsse und Walnüsse,de,USDA,
,gluten,Tortilla,de,USDA,
,soja,Tortilla,de,USDA,
,milch,Tortilla,de,USDA,
,milch,natürliche Aromen,de,USDA,
,milch,Natriumcaseinat,de,USDA,
,milch,Sahne,de,USDA,
,soja,Mayonnaise,de,USDA,
,ei,Mayonnaise,de,USDA,
,senf,Mayonnaise,de,USDA,
,gluten,In Honig geröstete Sonnenblumenkerne,de,USDA,
,soja,In Honig geröstete Sonnenblumenkerne,de,USDA,
,milch,Käse,de,USDA,
,gluten,gekochte Ellbogenmakkaroni,de,USDA,
,milch,Pecorino Romano-Käse,de,USDA,
,milch,Milchschokolade,de,USDA,
,soja,Milchschokolade,de,USDA,
,milch,Molkenprotein,de,USDA,
,ei,rehydriertes Eiweiß,de,USDA,
,gluten,Sahne Weizenmehl,de,USDA,
,gluten,Oreo-Kekse,de,USDA,
,soja,Oreo-Kekse,de,USDA,
,gluten,Grieß 99%,de,USDA,
,milch,Karamell,de,USDA,
,milch,Margarine,de,USDA,
,gluten,Ramen-Nudeln,de,USDA,
,milch,Passierter Joghurt: pasteurisierte Magermilch,de,USDA,
,nüsse,Mandeln,de,USDA,
,milch,Cheddar-Käse: pasteurisierte Milch,de,USDA,
,fisch,Regenbogenforelle,de,USDA,
,gluten,Panko  Surimi {Wasser,de,USDA,
,gluten,gekochte, angereicherte Makkaroni ",de,USDA
,ei,gekochte, angereicherte Makkaroni ",de,USDA
,soja,Pflanzenöl,de,USDA,
,soja,Sojabohnen,de,USDA,
,nüsse,Mandeln,de,USDA,
,gluten,angereichertes Weizenmehl,de,USDA,
,senf,gekochtes, gewürztes Rinderbruststück ",de,USDA
,soja,Margarine,de,USDA,
,gluten,Brezeln,de,USDA,
,milch,Frischkäse,de,USDA,
,soja,Fudgeflocken,de,USDA,
,soja,dunkle Schokolade,de,USDA,
,milch,Passierter Joghurt: pasteurisierte Magermilch der Sorte,de,USDA,
,gluten,Emulgatoren: Mono- und Diglyceride von Speisefettsäuren; natürliche Hefe  1,de,USDA,
,soja,weniger als 2 % von: Rapsöl und/oder Sojaöl,de,USDA,
,milch,Schokolade,de,USDA,
,gluten,Kekse,de,USDA,
,soja,Kekse,de,USDA,
,milch,Kekse,de,USDA,
,gluten,modifizierte Weizenstärke,de,USDA,
,soja,Blaue Streusel,de,USDA,
,fisch,Schwertfischsteaks,de,USDA,
,gluten,Bier,de,USDA,
,milch,Bio-Milchschokolade,de,USDA,
,soja,Bio-Milchschokolade,de,USDA,
,soja,Glutenfreies Mehl,de,USDA,
,soja,glutenfreies Keksmehl,de,USDA,
,gluten,gebleichtes Weizenmehl,de,USDA,
,soja,Margarine,de,USDA,
,milch,Milchrahm, Rohrzucker, Schokoladenstückchen ",de
,soja,Milchrahm, Rohrzucker, Schokoladenstückchen ",de
,soja,weißes Hühnerfleisch,de,USDA,
,milch,weißes Hühnerfleisch,de,USDA,
,gluten,weißes Hühnerfleisch,de,USDA,
,gluten,Weizenmehl,de,USDA,
,soja,pflanzliches Backfett,de,USDA,
,milch,Cheddar-Käse,de,USDA,
,nüsse,Walnüsse mit Konservierungsmittel,de,USDA,
,fisch,Sardinen,de,USDA,
,nüsse,geröstete Mandeln,de,USDA,
,milch,geröstete Mandeln,de,USDA,
,milch,Blauschimmelkäsevinaigrette,de,USDA,
,fisch,Räucherlachs,de,USDA,
,gluten,Angereichertes Mehl mit hohem Glutengehalt,de,USDA,
,milch,lebende aktive Joghurtkulturen,de,USDA,
,milch,Zartbittere Schokoladenstückchen,de,USDA,
,soja,Zartbittere Schokoladenstückchen,de,USDA,
,gluten,Apfelnuggets,de,USDA,
,soja,Apfelnuggets,de,USDA,
,gluten,angereichertes gebleichtes Weizenmehl,de,USDA,
,milch,Joghurt,de,USDA,
,senf,Bio-Senfsamen gemahlen,de,USDA,
,gluten,Angereichertes ungebleichtes Mehl,de,USDA,
,soja,dunkle Schokolade,de,USDA,
,ei,Eiweiß,de,USDA,
,milch,weiße Schokolade,de,USDA,
,sulfite,Wein,de,USDA,
,soja,Schokoladentropfen,de,USDA,
,milch,Vollmilchfeststoffe,de,USDA,
,milch,Cheddar-Käse,de,USDA,
,milch,Sauerrahm,de,USDA,
,milch,Mit schokoladiger Minze gefüllte Kühe,de,USDA,
,soja,Mit schokoladiger Minze gefüllte Kühe,de,USDA,
,krebstiere,Muschelsaftkonzentrat,de,USDA,
,milch,Eiscreme,de,USDA,
,milch,Bio-Provolone-Käse,de,USDA,
,milch,Halbsüße Schokoladenstückchen,de,USDA,
,soja,Halbsüße Schokoladenstückchen,de,USDA,
,soja,gentechnikfreies Sojabohnenmehl,de,USDA,
,milch,Ravioli,de,USDA,
,ei,Ravioli,de,USDA,
,gluten,Ravioli,de,USDA,
,soja,veganer Käse,de,USDA,
,nüsse,Mandelemulsion {Wasser,de,USDA,
,milch,Lebende und aktive Kulturen,de,USDA,
,milch,Cheddar-Käse,de,USDA,
,milch,Tasse Ricotta-Käse,de,USDA,
,soja,Vegenaise,de,USDA,
,senf,Vegenaise,de,USDA,
,milch,Milchschokolade,de,USDA,
,soja,Milchschokolade,de,USDA,
,gluten,Kekse,de,USDA,
,soja,Kekse,de,USDA,
,milch,Kekse,de,USDA,
,milch,Parmesankäse,de,USDA,
,soja,Bio-Schokoladenstückchen,de,USDA,
,milch,geringer Feuchtigkeitsgehalt, teilweise Magermozzarella-Käse ",de,USDA
,gluten,Brezelbrötchen: angereichertes Mehl,de,USDA,
,soja,Pflanzenöl,de,USDA,
,nüsse,geröstete Oregon-Haselnüsse,de,USDA,
,erdnuss,Erdnusskrokant,de,USDA,
,milch,Erdnusskrokant,de,USDA,
,soja,Schokoladenstückchen,de,USDA,
,fisch,Vom Bauernhof gezüchteter Atlantischer Lachs,de,USDA,
,milch,Monterey-Jack-Käse –,de,USDA,
,ei,Eier Wasser,de,USDA,
,soja,Bio-Hühnerbrühe-Konzentrat,de,USDA,
,sellerie,Bio-Hühnerbrühe-Konzentrat,de,USDA,
,milch,natürliche Aromen,de,USDA,
,soja,natürliche Aromen,de,USDA,
,milch,Sauerrahm- und Zwiebelgewürz,de,USDA,
,gluten,Sauerrahm- und Zwiebelgewürz,de,USDA,
,milch,Hackbraten vom Rind und Schwein,de,USDA,
,gluten,Hackbraten vom Rind und Schwein,de,USDA,
,ei,Hackbraten vom Rind und Schwein,de,USDA,
,gluten,Natamycin ; Croutons: angereichertes ungebleichtes Weizenmehl,de,USDA,
,milch,Briekäse,de,USDA,
,milch,Rosinen aus dunkler Schokolade,de,USDA,
,soja,Rosinen aus dunkler Schokolade,de,USDA,
,gluten,raffiniertes Mehl,de,USDA,
,milch,Mizithra-Käse,de,USDA,
,gluten,Hergestellt aus: angereichertem Weizenmehl,de,USDA,
,milch,Cheddar-Käse,de,USDA,
,gluten,Bio-Weizenmehl,de,USDA,
,gluten,angereicherter Grieß,de,USDA,
,gluten,Rosmarin-Cracker,de,USDA,
,gluten,Rosmarin-Cracker,de,USDA,
,sesam,Rosmarin-Cracker,de,USDA,
,milch,Halbsüße Schokolade,de,USDA,
,soja,Halbsüße Schokolade,de,USDA,
,gluten,Farro-Weizen,de,USDA,
,milch,pasteurisierte, kultivierte, fettreduzierte Milch der Güteklasse A",de
,soja,gehärtetes Pflanzenöl,de,USDA,
,gluten,Bio-Vollkornweizen,de,USDA,
,krebstiere,Babygarnelen,de,USDA,
,milch,fettreduzierter Mozzarellakäse mit niedrigem Feuchtigkeitsgehalt,de,USDA,
,gluten,fettreduzierter Mozzarellakäse mit niedrigem Feuchtigkeitsgehalt,de,USDA,
,milch,fettfreie Trockenmilch-Haferfaser,de,USDA,
,gluten,hydrolysiertes Mais-, Soja- und Weizenprotein",de,USDA
,soja,hydrolysiertes Mais-, Soja- und Weizenprotein",de,USDA
,soja,Tofu,de,USDA,
,fisch,Barschfilets,de,USDA,
,sulfite,Kaliummetabisulfite,de,USDA,
,milch,kultivierte Buttermilch,de,USDA,
,erdnuss,Erdnüsse,de,USDA,
,milch,Vollmilch-Mozzarella-Käse,de,USDA,
,krebstiere,Scampi,de,USDA,
,milch,Provolone-Käse,de,USDA,
,sesam,weiße Sesamkörner,de,USDA,
,milch,Parmesan und Romano aus Kuhmilch,de,USDA,
,gluten,Mehl,de,USDA,
,gluten,2 % oder weniger: Weizenmehl,de,USDA,
,senf,Dijon-Senf,de,USDA,
,soja,Sojabohne,de,USDA,
,gluten,Glasierte Putenfilets,de,USDA,
,milch,leichte Creme,de,USDA,
,sulfite,mit Schwefeldioxid konserviert,de,USDA,
,senf,Gurkenrelish,de,USDA,
,ei,Eierfarbton,de,USDA,
,milch,Mozzarella-Käse,de,USDA,
,gluten,Mozzarella-Käse,de,USDA,
,soja,Palmöl und Sojaöl,de,USDA,
,krebstiere,Garnelen,de,USDA,
,soja,Sojalecithin und Karamellfarbe,de,USDA,
,milch,Milchschokolade,de,USDA,
,soja,Milchschokolade,de,USDA,
,gluten,ungebleichtes, angereichertes Weizenmehl",de,USDA
,sulfite,Natriumbisulfit,de,USDA,
,soja,vegane würzige Mayonnaise,de,USDA,
,senf,vegane würzige Mayonnaise,de,USDA,
,milch,Bio-kultivierte, nicht pasteurisierte Milch",de,USDA
,gluten,Vollkorn,de,USDA,
,soja,teilweise hydriertes Pflanzenfett,de,USDA,
,soja,Gekeimte ganze Bio-Sojabohnen,de,USDA,
,milch,Joghurt: pasteurisierte Vollmilch der Güteklasse A,de,USDA,
,gluten,ungebleichtes Mehl,de,USDA,
,milch,Amerikanischer Käse, Milchsäure, zugesetzter Farbstoff ",de
,milch,pasteurisierter Prozess-Cheddar-Käse: Cheddar-Käse,de,USDA,
,soja,Emulgator,de,USDA,
,soja,Sojalecithin,de,USDA,
,gluten,Angereichertes Mehl,de,USDA,
,gluten,Panko-Semmelbrösel nach japanischer Art,de,USDA,
,milch,Weiße Häppchen,de,USDA,
,soja,Weiße Häppchen,de,USDA,
,milch,Teilweise Bio-Mozzarella-Käse,de,USDA,
,soja,raffiniertes Sojaöl,de,USDA,
,milch,Sahne,de,USDA,
,ei,Mayonnaise,de,USDA,
,soja,Mayonnaise,de,USDA,
,sulfite,Schwefel,de,USDA,
,gluten,kultivierte Weizenstärke,de,USDA,
,sellerie,gewürfelter Sellerie,de,USDA,
,milch,Kartoffelpüree,de,USDA,
,gluten,Kartoffelpüree,de,USDA,
,soja,Pflanzenöl  Zwiebel,de,USDA,
,gluten,paniert mit angereichertem gebleichtem Weizen und angereichertem Hartweizenmehl,de,USDA,
,sulfite,Sternfrüchte,de,USDA,
,sulfite,Weinfeststoffe,de,USDA,
,milch,Parmesankäse,de,USDA,
,gluten,Zaru-Soba-Nudeln,de,USDA,
,soja,pflanzliches Backfett,de,USDA,
,sellerie,Bio-Gemüsebrühe,de,USDA,
,soja,glutenfreies Tamari,de,USDA,
,milch,Blauschimmelkäse,de,USDA,
,senf,Dijon-Senf,de,USDA,
,ei,modifiziertes Eigelb,de,USDA,
,milch,Sauerrahm,de,USDA,
,gluten,angereichertes Weizenmalzmehl,de,USDA,
,milch,Creme Fraiche,de,USDA,
,ei,getrocknete Eier,de,USDA,
,soja,dunkle Schokolade,de,USDA,
,milch,Bio halb & halb,de,USDA,
,gluten,Croutons: angereichertes Weizenmehl,de,USDA,
,milch,Sauerrahm,de,USDA,
,ei,Sauerrahm,de,USDA,
,sulfite,weißer Kochwein,de,USDA,
,milch,Bio-kultivierter griechischer Joghurt,de,USDA,
,milch,frischer natürlicher Weißkäsequark,de,USDA,
,sesam,Sushi-Essig, Avocado, eingelegter Ingwer , Sesamsamen
,soja,Tomatenchips, Sonnenblumenöl",de,USDA
,milch,Milch,de,USDA,
,milch,Romano-Käse,de,USDA,
,soja,Pflanzenöl,de,USDA,
,milch,Frischkäse,de,USDA,
,soja,Sojamono- und -diglyceride,de,USDA,
,milch,künstliche Aromen,de,USDA,
,gluten,strukturiertes Weizengluten,de,USDA,
,milch,Frischkäse,de,USDA,
,senf,Bio-Dijon-Senf,de,USDA,
,milch,Cheddar-Käse,de,USDA,
,milch,pasteurisierter Meerrettich-Cheddar-Käse,de,USDA,
,sesam,gerösteter Sesam,de,USDA,
,milch,zertifizierte Bio-Milch, fettfrei",de,USDA
,sulfite,Rosinen mit Zusatz von Schwefeldioxid als Konservierungsmittel,de,USDA,
,soja,Schokoladenstückchen,de,USDA,
,ei,Bio-Eiernudeln,de,USDA,
,gluten,Bio-Eiernudeln,de,USDA,
,ei,gekochtes Eiweiß,de,USDA,
,ei,Bio-gezuckerte Eier,de,USDA,
,soja,Rinderbrühe,de,USDA,
,milch,pasteurisierter Schmelzkäseaufstrich,de,USDA,
,milch,Karamell,de,USDA,
,soja,Karamell,de,USDA,
,milch,Molkebuttermilch,de,USDA,
,fisch,Jakobsmuscheln,de,USDA,
,krebstiere,Jakobsmuscheln,de,USDA,
,soja,pflanzliches Backfett,de,USDA,
,milch,nicht homogenisierte Kuhmilch,de,USDA,
,gluten,angereichertes Weizenmehl gebleicht,de,USDA,
,soja,Bio-Schokoladenstückchen,de,USDA,
,soja,Sojalecithin und pgpr,de,USDA,
,gluten,angereichertes Makkaroniprodukt,de,USDA,
,soja,natürliche Aromen,de,USDA,
,gluten,natürliche Aromen,de,USDA,
,soja,Maisstangen,de,USDA,
,gluten,Angereichertes Mehl,de,USDA,
,senf,Dijon-Senf,de,USDA,
,milch,natürliche Aromen,de,USDA,
,erdnuss,Erdnuss- und/oder Raps- und/oder Baumwollsamenöl,de,USDA,
,soja,gekochte, gewürzte gegrillte Hähnchenbruststreifen ",de,USDA
,gluten,gekochte, gewürzte gegrillte Hähnchenbruststreifen ",de,USDA
,soja,Margarine,de,USDA,
,milch,Margarine,de,USDA,
,gluten,angereichertes Kuchenmehl,de,USDA,
,soja,Schokoladenstückchen,de,USDA,
,milch,Cheddar und Blauschimmelkäse,de,USDA,
,soja,Pflanzenöl,de,USDA,
,milch,Gewürz aus Molkenproteinkonzentrat,de,USDA,
,soja,Emulgator,de,USDA,
,milch,Milchschokolade,de,USDA,
,soja,Milchschokolade,de,USDA,
,gluten,Angereichertes Mehl,de,USDA,
,ei,Bio-Nudeln,de,USDA,
,gluten,Bio-Nudeln,de,USDA,
,milch,Red Velvet Cake,de,USDA,
,ei,Red Velvet Cake,de,USDA,
,gluten,Red Velvet Cake,de,USDA,
,soja,Pflanzenöl,de,USDA,
,milch,weniger als 2 % Cheddar-Clubkäse,de,USDA,
,milch,Butter,de,USDA,
,erdnuss,Erdnussbutter,de,USDA,
,soja,Erdnussbutter,de,USDA,
,soja,Backfett,de,USDA,
,milch,Brownie,de,USDA,
,ei,Brownie,de,USDA,
,gluten,Brownie,de,USDA,
,soja,Brownie,de,USDA,
,gluten,angereichertes und gebleichtes Weizenmehl,de,USDA,
,soja,Pflanzenöl,de,USDA,
,milch,Mozzarella milder weißer Cheddar-Käse,de,USDA,
,fisch,Mondfisch,de,USDA,
,milch,Milchschokolade,de,USDA,
,soja,Milchschokolade,de,USDA,
,gluten,Sesamstangen,de,USDA,
,soja,Sesamstangen,de,USDA,
,sesam,Sesamstangen,de,USDA,
,milch,gesalzenes Karamell,de,USDA,
,sulfite,Rosinen mit Schwefeldioxid als Konservierungsmittel,de,USDA,
,gluten,Mehl,de,USDA,
,gluten,9 Vollkornmüsli: neun Vollkornprodukte,de,USDA,
,milch,natürliche Aromen,de,USDA,
,soja,Mayonnaise,de,USDA,
,ei,Mayonnaise,de,USDA,
,senf,Mayonnaise,de,USDA,
,gluten,gekochte Vollkorn-Fusilli-Nudeln,de,USDA,
,milch,Milch,de,USDA,
,soja,Halbsüße Schokolade,de,USDA,
,milch,Cheddar-Käse,de,USDA,
,milch,Romano-Käse,de,USDA,
,gluten,Brownie-Chips,de,USDA,
,milch,vegane Butter,de,USDA,
,milch,Griechischer Joghurt  Parmesankäse,de,USDA,
,gluten,Traditionelles Naan,de,USDA,
,milch,pasteurisiertes gelbes Prozesskäseprodukt: amerikanischer Käse,de,USDA,
,milch,geräucherter Provolone-Käse,de,USDA,
,soja,gentechnikfreier Tofu: Wasser,de,USDA,
,gluten,Keks: Weizenmehl,de,USDA,
,milch,Cheddar- und Asiago-Käse,de,USDA,
,ei,Mayonnaise,de,USDA,
,senf,Mayonnaise,de,USDA,
,soja,Sojalecithin und Rapsöl,de,USDA,
,gluten,Waffeln,de,USDA,
,soja,Waffeln,de,USDA,
,milch,Kakao,de,USDA,
,milch,Kakaotropfen,de,USDA,
,soja,Kakaotropfen,de,USDA,
,milch,Milchschokolade,de,USDA,
,soja,Milchschokolade,de,USDA,
,gluten,Brezeln,de,USDA,
,nüsse,geröstete blanchierte Mandeln,de,USDA,
,milch,Schokoladen-Minzbecher,de,USDA,
,soja,Schokoladen-Minzbecher,de,USDA,
,sulfite,Weißwein,de,USDA,
,milch,Provolone-Käse,de,USDA,
,gluten,Zuckerkegel {gebleichtes, angereichertes Weizenmehl ",de,USDA
,ei,Mayonnaise,de,USDA,
,soja,Mayonnaise,de,USDA,
,soja,Molkenproteinisolat,de,USDA,
,milch,Molkenproteinisolat,de,USDA,
,gluten,und Weizenprotein,de,USDA,
,milch,gewürzter Frischkäse,de,USDA,
,ei,gewürzter Frischkäse,de,USDA,
,milch,Schokoladenbonbons,de,USDA,
,soja,Schokoladenbonbons,de,USDA,
,gluten,100 % Vollkorn,de,USDA,
,gluten,Salzstangen,de,USDA,
,gluten,Farfalle-Nudeln,de,USDA,
,ei,Eierfrikadelle,de,USDA,
,milch,Eierfrikadelle,de,USDA,
,soja,Eierfrikadelle,de,USDA,
,milch,Mit schokoladigem Karamell gefüllte Schildkröten,de,USDA,
,soja,Mit schokoladigem Karamell gefüllte Schildkröten,de,USDA,
,soja,Sojachips,de,USDA,
,milch,Halbsüße Schokoladenstückchen,de,USDA,
,soja,Halbsüße Schokoladenstückchen,de,USDA,
,soja,Soja-/Rapsöl,de,USDA,
,milch,Fruchtpüree,de,USDA,
,ei,trockenes Eigelb,de,USDA,
,soja,Zwiebel-Pflanzenöl,de,USDA,
,milch,Cheddar-Käse,de,USDA,
,soja,weniger als 2 % Margarine,de,USDA,
,gluten,Kekse,de,USDA,
,soja,Kekse,de,USDA,
,milch,Kekse,de,USDA,
,senf,Dijon-Senf,de,USDA,
,fisch,Sardinen,de,USDA,
,milch,Romano- und Parmesankäse,de,USDA,
,gluten,Vollkorn,de,USDA,
,soja,Bitterschokolade,de,USDA,
,milch,Bitterschokolade,de,USDA,
,sulfite,Schwefeldioxid und künstliche Aromen,de,USDA,
,milch,Mozzarella-Käse mit reduziertem Fettgehalt,de,USDA,
,milch,Schokolade,de,USDA,
,soja,Schokolade,de,USDA,
,soja,Schokoladenstückchen,de,USDA,
,milch,Schokoladenstückchen,de,USDA,
,soja,Sojaprotein isolieren,de,USDA,
,milch,pasteurisierter weißer Cheddar-Käse,de,USDA,
,milch,Kuhmilch,de,USDA,
,milch,Bio-Creme,de,USDA,
,milch,Butter der Güteklasse Aa,de,USDA,
,gluten,Spekulatiusaufstrich,de,USDA,
,ei,modifiziertes Eigelb,de,USDA,
,milch,Fettfreier Frischkäse,de,USDA,
,soja,Gelbe und rote Bio-Misopaste,de,USDA,
,soja,Pflanzenöl,de,USDA,
,krebstiere,Garnelen,de,USDA,
,gluten,Weizenenzyme,de,USDA,
,gluten,Brezeln,de,USDA,
,milch,Karamellstrudel,de,USDA,
,nüsse,Mandelöl,de,USDA,
,nüsse,Kastanienkern,de,USDA,
,sulfite,Schwefeldioxid  als Konservierungsmittel zugesetzt,de,USDA,
,milch,Pecorino-Käse,de,USDA,
,fisch,Wild gefangener Mahi Mahi,de,USDA,
,milch,Schokoladenschicht,de,USDA,
,soja,Schokoladenschicht,de,USDA,
,soja,Sojaprotein-Nuggets,de,USDA,
,gluten,100 % Vollkornmehl,de,USDA,
,milch,Tomini 79 %  Sonnenblumenöl 21 %,de,USDA,
,soja,Sojalecithin  und Vanillin,de,USDA,
,milch,Meersalz-Karamell-Strudel,de,USDA,
,soja,Sojaöl und/oder Palmöl,de,USDA,
,gluten,Grissini-Weizenmehl,de,USDA,
,milch,dunkle Schokolade,de,USDA,
,soja,dunkle Schokolade,de,USDA,
,soja,pflanzliches Backfett,de,USDA,
,milch,pasteurisierter Prozess-Cheddar-Käse,de,USDA,
,gluten,Bio-angereichertes Mehl,de,USDA,
,milch,Bio-Romano-Käse,de,USDA,
,milch,Kultivierte Buttermilch,de,USDA,
,soja,Sojanüsse,de,USDA,
,milch,Bio-Cheddar-Käse,de,USDA,
,sulfite,Bio-Kapern,de,USDA,
,gluten,lebenswichtiges Weizengluten,de,USDA,
,soja,lebenswichtiges Weizengluten,de,USDA,
,milch,Käseaufstrich,de,USDA,
,ei,Käseaufstrich,de,USDA,
,soja,Käseaufstrich,de,USDA,
,gluten,geröstetes Brot,de,USDA,
,soja,geröstetes Brot,de,USDA,
,gluten,Marshmallow Graham Ripple,de,USDA,
,nüsse,Pistazien,de,USDA,
,gluten,Weizennuggets,de,USDA,
,gluten,Angereichertes Weizenmehl,de,USDA,
,gluten,Angereichertes Makkaroniprodukt,de,USDA,
,gluten,Trockenmalz,de,USDA,
,gluten,paniert und paniert mit: Weizenmehl,de,USDA,
,soja,gewürztes geschmortes Rindfleisch,de,USDA,
,milch,Milchschokolade,de,USDA,
,soja,Milchschokolade,de,USDA,
,soja,Halbsüße Schokolade,de,USDA,
,nüsse,Pistazien,de,USDA,
,nüsse,Kürbiskerne,de,USDA,
,milch,pasteurisierte Milch und Sahnehonig,de,USDA,
,milch,Vollmilch-Ricotta-Käse,de,USDA,
,gluten,Lebkuchen: angereichertes Weizenmehl,de,USDA,
,milch,fettreduzierter Mozzarella-Käse,de,USDA,
,milch,Romano-Käse,de,USDA,
,milch,Blauschimmelkäse,de,USDA,
,soja,Margarine,de,USDA,
,milch,weiße Schokolade,de,USDA,
,soja,weiße Schokolade,de,USDA,
,soja,teilweise hydriertes Sojaöl,de,USDA,
,milch,Mozzarella-Käse,de,USDA,
,milch,Aufrahmmittel,de,USDA,
,ei,Aufrahmmittel,de,USDA,
,milch,fettarme Milch,de,USDA,
,gluten,ultimative Apfelkuchenkekse: gebleichtes, angereichertes Weizenmehl ",de,USDA
,gluten,Schokoladenplätzchenkrümel,de,USDA,
,milch,++ fettfreie Milch,de,USDA,
,soja,geröstetes Edamame,de,USDA,
,gluten,Urgetreidemehl,de,USDA,
,milch,Stabilisator,de,USDA,
,milch,Butter,de,USDA,
,milch,weniger als 2 % von: Molke,de,USDA,
,gluten,Bio-Farro,de,USDA,
,nüsse,Haselnüsse,de,USDA,
,erdnuss,Haselnüsse,de,USDA,
,milch,bittersüße Schokoladenstückchen,de,USDA,
,soja,bittersüße Schokoladenstückchen,de,USDA,
,erdnuss,Baumwollsamen- und Erdnussöl,de,USDA,
,milch,Cheddar-Käse,de,USDA,
,gluten,Nudeln,de,USDA,
,ei,Nudeln,de,USDA,
,milch,Ricotta-Käse,de,USDA,
,milch,Vollmilch-Ricotta-Käse,de,USDA,
,milch,M&M's Milchschokoladenbonbons,de,USDA,
,soja,M&M's Milchschokoladenbonbons,de,USDA,
,soja,halbsüße Chips,de,USDA,
,soja,Streusel,de,USDA,
,milch,Parmesankäse,de,USDA,
,soja,gentechnikfreies Sojalecithin,de,USDA,
,gluten,Angereichertes Mehl  Wasser,de,USDA,
,gluten,Angereichertes Weizenmehl,de,USDA,
,erdnuss,Erdnüsse,de,USDA,
,milch,Butter der Güteklasse Aa,de,USDA,
,milch,Milchschokolade,de,USDA,
,soja,Milchschokolade,de,USDA,
,soja,Pflanzenöle,de,USDA,
,gluten,angereichertes gebleichtes Mehl,de,USDA,
,milch,Käse,de,USDA,
,milch,Provolone-Käse,de,USDA,
,milch,scharfer Cheddar-Käse,de,USDA,
,soja,Pflanzenöl,de,USDA,
,milch,Teilentrahmter Mozzarella und Provolone-Käse mit niedrigem Feuchtigkeitsgehalt,de,USDA,
,gluten,Graham-Cracker-Krümel,de,USDA,
,gluten,Angereichertes Weizenmehl,de,USDA,
,milch,Enzymmodifiziertes Butteröl,de,USDA,
,soja,Margarine,de,USDA,
,soja,teilweise hydriertes Baumwollsamen- und Sojaöl,de,USDA,
,milch,Milchschokolade,de,USDA,
,soja,Milchschokolade,de,USDA,
,soja,Mit Schokolade überzogenes Popcorn,de,USDA,
,ei,Honig und Eiweiß,de,USDA,
,soja,Halbsüße Schokolade,de,USDA,
,krebstiere,Streusel,de,USDA,
,sesam,koreanisch inspirierte, gewürzte Rinderstreusel ",de,USDA
,senf,zubereiteter Senf,de,USDA,
,milch,teilentrahmter Mozzarellakäse mit niedrigem Feuchtigkeitsgehalt,de,USDA,
,gluten,Sesamstangen,de,USDA,
,sesam,Sesamstangen,de,USDA,
,soja,Sesamstangen,de,USDA,
,ei,Eier,de,USDA,
,soja,Schokoladenstückchen,de,USDA,
,milch,Schokoladenstückchen,de,USDA,
,gluten,Gekochte Nudeln,de,USDA,
,gluten,Hartweizen aus kontrolliert biologischem Anbau,de,USDA,
,soja,Soja- und Rapsöle,de,USDA,
,milch,Frischkäse,de,USDA,
,nüsse,Bio-Mandeln,de,USDA,
,gluten,Brezeln,de,USDA,
,gluten,gekochte Nudelschalen,de,USDA,
,gluten,paniert mit angereichertem Weizenmehl,de,USDA,
,milch,Parmesan-Hartraspelkäse,de,USDA,
,ei,Angereicherte Nudeln,de,USDA,
,gluten,Angereicherte Nudeln,de,USDA,
,gluten,Gluten,de,USDA,
,milch,Butter,de,USDA,
,gluten,Bulgurweizen1,de,USDA,
,milch,und weniger als 2 % Molke,de,USDA,
,nüsse,geröstete Salzmandeln,de,USDA,
,erdnuss,geröstete Salzmandeln,de,USDA,
,gluten,natürliche Aromen,de,USDA,
,milch,natürliche Aromen,de,USDA,
,soja,Hühnersalat,de,USDA,
,ei,Hühnersalat,de,USDA,
,gluten,Hühnersalat,de,USDA,
,sellerie,Hühnersalat,de,USDA,
,milch,Mozzarella-Käse: Mozzarella-Käse mit geringem Feuchtigkeitsgehalt,de,USDA,
,nüsse,Mandeln und Safran,de,USDA,
,milch,Milchschokolade,de,USDA,
,soja,Milchschokolade,de,USDA,
,gluten,gebleichtes, angereichertes Mehl ",de,USDA
,milch,Popping-Bonbons,de,USDA,
,milch,Vollmilch,de,USDA,
,milch,laktosereduzierte Molke,de,USDA,
,gluten,Weizenmehl Typ „00“,de,USDA,
,gluten,Bio-Weizenmehl {Thiamin,de,USDA,
,ei,flüssiges Ei,de,USDA,
,gluten,Angereichertes Mehl,de,USDA,
,krebstiere,ganze Muscheln,de,USDA,
,nüsse,Sonnenblumenkernmehl,de,USDA,
,milch,Milchschokolade, Brezeln ",de,USDA
,gluten,Milchschokolade, Brezeln ",de,USDA
,milch,Gebäckcreme 35 %,de,USDA,
,ei,Gebäckcreme 35 %,de,USDA,
,gluten,Brot,de,USDA,
,sulfite,dehydrierte Äpfel,de,USDA,
,erdnuss,In Honig geröstete Erdnüsse,de,USDA,
,sellerie,getrockneter Sellerie,de,USDA,
,soja,flüssiges Sojaöl,de,USDA,
,gluten,Weizenfasern,de,USDA,
,milch,Enzymmodifizierter Cheddar-Käse,de,USDA,
,erdnuss,Pflanzenöl,de,USDA,
,soja,Pflanzenöl,de,USDA,
,soja,Mayonnaise,de,USDA,
,ei,Mayonnaise,de,USDA,
,senf,Mayonnaise,de,USDA,
,gluten,Müsli: zertifizierter glutenfreier Hafer,de,USDA,
,soja,Pflanzenöl,de,USDA,
,krebstiere,Muschelsaft,de,USDA,
,erdnuss,Pflanzenöl,de,USDA,
,soja,teilweise gehärtetes Pflanzenöl,de,USDA,
,milch,hydrolysiertes Molkenprotein,de,USDA,
,gluten,Angereichertes Mehl,de,USDA,
,gluten,ungebleichtes angereichertes Mehl,de,USDA,
,gluten,ungebleichtes Mehl,de,USDA,
,soja,Bio-Sojamehl,de,USDA,
,soja,Antioxidans,de,USDA,
,soja,Backfett,de,USDA,
,milch,verarbeiteter amerikanischer Gelbkäse,de,USDA,
,soja,verarbeiteter amerikanischer Gelbkäse,de,USDA,
,soja,Streusel,de,USDA,
,nüsse,Cashewbutter,de,USDA,
,nüsse,Bio-Rohmandeln,de,USDA,
,gluten,Angereichertes Weizenmehl,de,USDA,
,soja,Schokoladenstückchen,de,USDA,
,gluten,Honig-Röstgewürz,de,USDA,
,soja,hydrierte Kokos- und Sojaöle,de,USDA,
,gluten,angereichertes Mehl {Weizenmehl,de,USDA,
,milch,Ricotta Impastata,de,USDA,
,gluten,Stick: Weizenmehl angereichert,de,USDA,
,erdnuss,Erdnüsse,de,USDA,
,soja,Erdnüsse,de,USDA,
,soja,texturiertes pflanzliches Protein,de,USDA,
,gluten,texturiertes pflanzliches Protein,de,USDA,
,milch,Molkenproteinkonzentrat .,de,USDA,
,milch,fettarmer Joghurt: kultivierte pasteurisierte fettarme Milch der Güteklasse A,de,USDA,
,milch,frische Buttermilch,de,USDA,
,soja,Sojamehl,de,USDA,
,soja,hydrolysiertes Sojaprotein,de,USDA,
,soja,pflanzliches Backfett,de,USDA,
,senf,Steingemahlener Senf,de,USDA,
,gluten,100 % Hartweizenvollkornmehl,de,USDA,
,soja,Cajun- und Chili-Zitronen-Maisstangen,de,USDA,
,soja,Pflanzenöl,de,USDA,
,soja,Premium 60 % dunkle Schokolade,de,USDA,
,erdnuss,Erdnussbutterstrudel,de,USDA,
,milch,Bio-pasteurisierte Milch und Sahne,de,USDA,
,soja,Pflanzenöl,de,USDA,
,gluten,Enzyme,de,USDA,
,milch,pasteurisierter Schweizer Prozesskäse,de,USDA,
,milch,Blauschimmelkäse,de,USDA,
,milch,Halbsüße Schokoladenstückchen,de,USDA,
,soja,Halbsüße Schokoladenstückchen,de,USDA,
,milch,Scharfer pasteurisierter amerikanischer Prozesskäse: Milch,de,USDA,
,milch,weniger als 2 % Parmesankäse,de,USDA,
,milch,gesüßte Kondensmagermilch,de,USDA,
,milch,Sauerrahm,de,USDA,
,milch,Karamellstrudel,de,USDA,
,senf,Dijon-Senf,de,USDA,
,nüsse,Mandelbutter,de,USDA,
,gluten,angereichertes Hartweizenmehl,de,USDA,
,soja,Brot,de,USDA,
,gluten,Brot,de,USDA,
,gluten,Tilapia-Filets mit Weizenmehl bestreichen,de,USDA,
,nüsse,geröstete Cashewnüsse,de,USDA,
,gluten,Nudeln,de,USDA,
,gluten,Tempura-Hähnchen,de,USDA,
,milch,Tempura-Hähnchen,de,USDA,
,ei,Tempura-Hähnchen,de,USDA,
,soja,Backfett,de,USDA,
,soja,fermentierte Sojabohnen,de,USDA,
,milch,Romano-Käse,de,USDA,
,milch,Briekäse,de,USDA,
,soja,geröstetes Brot,de,USDA,
,gluten,geröstetes Brot,de,USDA,
,milch,Margarine,de,USDA,
,milch,Probiotische Joghurt-Rosinen,de,USDA,
,soja,Probiotische Joghurt-Rosinen,de,USDA,
,milch,Parmesan und Romano-Käse,de,USDA,
,sulfite,Aprikose,de,USDA,
,soja,Pflanzenöl,de,USDA,
,nüsse,Mandeln,de,USDA,
,soja,Tofu,de,USDA,
,milch,Bio-Molke,de,USDA,
,milch,Ghee,de,USDA,
,soja,Sojachips,de,USDA,
,gluten,Angereichertes Weizenmehl,de,USDA,
,erdnuss,Erdnüsse und Salz,de,USDA,
,gluten,Lavash-Brot,de,USDA,
,soja,Margarine,de,USDA,
,soja,Halbsüße Schokolade,de,USDA,
,milch,Halbsüße Schokolade,de,USDA,
,soja,Pflanzenöl,de,USDA,
,gluten,weißes Unterbrot,de,USDA,
,soja,Schokoladenstückchen,de,USDA,
,milch,Schokoladenstückchen,de,USDA,
,gluten,Keks: Vollkorn,de,USDA,
,milch,Milchdessert,de,USDA,
,soja,gehärtetes Pflanzenöl,de,USDA,
,milch,pasteurisierte fettarme Kulturmilch,de,USDA,
,erdnuss,Bio-Erdnüsse,de,USDA,
,milch,Milchproteine ​​Sorbit,de,USDA,
,soja,kultivierte fettfreie Buttermilch,de,USDA,
,milch,kultivierte fettfreie Buttermilch,de,USDA,
,gluten,Angereichertes ungebleichtes Mehl,de,USDA,
,sulfite,Frische konserviert mit,de,USDA,
,milch,dunkle Schokoladenstückchen,de,USDA,
,gluten,Lebensmittelstärkemodifiziert,de,USDA,
,soja,Raps- und Sojalecithin,de,USDA,
,milch,pasteurisierter amerikanischer Prozesskäse,de,USDA,
,milch,lebende aktive Joghurtkulturen einschließlich l,de,USDA,
,sellerie,Bio-Säfte,de,USDA,
,milch,Queso Blanco-Käse,de,USDA,
,gluten,angereichertes Weizenmehl gebleicht,de,USDA,
,soja,Pflanzenöl,de,USDA,
,gluten,Honigkeks: angereichertes gebleichtes Weizenmehl,de,USDA,
,soja,Mayonnaise, Sojaöl",de,USDA
,gluten,Brezeln,de,USDA,
,nüsse,geröstete Kürbiskerne,de,USDA,
,erdnuss,Erdnussbutter,de,USDA,
,milch,Monterey-Jack-Pfeffer-Käse: pasteurisierte Milch,de,USDA,
,milch,konzentrierte Butter,de,USDA,
,milch,Butter,de,USDA,
,nüsse,Mandelprotein,de,USDA,
,milch,Cheddar-Käse,de,USDA,
,milch,Cheddar- und Provolone-Käse,de,USDA,
,nüsse,Kokosmilch,de,USDA,
,milch,Grana Padano Käse,de,USDA,
,sulfite,Schwefeldioxid als Konservierungsmittel,de,USDA,
,sulfite,Natriumbisulfit,de,USDA,
,sulfite,Natriummetabisulfit,de,USDA,
,gluten,Semmelbrösel,de,USDA,
,gluten,Weizengrütze,de,USDA,
,milch,Parmesankäse,de,USDA,
,soja,Pflanzenöl,de,USDA,
,milch,Milchschokolade,de,USDA,
,soja,Milchschokolade,de,USDA,
,milch,Vanilleeis: Magermilch,de,USDA,
,nüsse,geschälte Mandeln,de,USDA,
,gluten,ungebleichtes und angereichertes Weizenmehl,de,USDA,
,milch,Monterey-Jack-Käse,de,USDA,
,milch,Sauerrahm,de,USDA,
,gluten,Brezel,de,USDA,
,milch,Cheddar-Käse mit reduziertem Fettgehalt,de,USDA,
,sesam,Hummus,de,USDA,
,milch,Asiago-Käse,de,USDA,
,gluten,Bio-Weizenkeime,de,USDA,
,soja,Mayonnaise,de,USDA,
,ei,Mayonnaise,de,USDA,
,milch,Parmesankäse,de,USDA,
,ei,Dekorationen,de,USDA,
,gluten,ungebleichtes Weizenmehl angereichert,de,USDA,
,milch,Milchschokolade,de,USDA,
,soja,Milchschokolade,de,USDA,
,gluten,gebleichtes Weizenmehl und gemälztes Gerstenmehl,de,USDA,
,gluten,hydrolysierte Weizenkleie,de,USDA,
,soja,Pflanzenöl,de,USDA,
,senf,Dijon-Senf,de,USDA,
,gluten,Crunch-Topping: gebleichtes Weizenmehl,de,USDA,
,gluten,Gerstenflocken,de,USDA,
,milch,kultivierte pasteurisierte helle Sahne und fettfreie Milch,de,USDA,
,milch,geräucherte Wurst mit Käse: Schweinefleisch,de,USDA,
,milch,weniger als 2 %: Parmesankäse,de,USDA,
,soja,getrocknete Suppenbrühe,de,USDA,
,soja,Pflanzenöl,de,USDA,
,gluten,gebleichtes, angereichertes Weizenmehl ",de,USDA
,milch,Milchschokoladenbonbons,de,USDA,
,soja,Milchschokoladenbonbons,de,USDA,
,milch,Cheddar-Käse,de,USDA,
,milch,Sauerrahm,de,USDA,
,milch,gesüßte Kondensmilch,de,USDA,
,nüsse,Kokosfleisch,de,USDA,
,soja,Schlagsahne,de,USDA,
,gluten,Fladenbrotstreifen,de,USDA,
,milch,Fladenbrotstreifen,de,USDA,
,sellerie,Fladenbrotstreifen,de,USDA,
,milch,Süßigkeiten,de,USDA,
,ei,Süßigkeiten,de,USDA,
,erdnuss,Süßigkeiten,de,USDA,
,nüsse,Süßigkeiten,de,USDA,
,soja,Halbsüße Schokoladenstückchen,de,USDA,
,gluten,Müsli,de,USDA,
,milch,Müsli,de,USDA,
,milch,Butter  Salz,de,USDA,
,milch,gereifter weißer Cheddar-Käse,de,USDA,
,milch,Magermilchkraft,de,USDA,
,sulfite,Natriummetabisulfit,de,USDA,
,fisch,Stück weißer Weißer Thunfisch,de,USDA,
,milch,lebende Joghurtkulturen: l,de,USDA,
,milch,Bio-Buttermilch,de,USDA,
,gluten,Bio-Buttermilch,de,USDA,
,soja,reines pflanzliches Sojaöl,de,USDA,
,soja,teilweise hydriertes Pflanzenöl,de,USDA,
,erdnuss,Erdnussbutter,de,USDA,
,fisch,Blaue Krabben,de,USDA,
,soja,Pflanzenöl,de,USDA,
,soja,Proteinchips,de,USDA,
,ei,Putenfleischbällchen,de,USDA,
,gluten,Putenfleischbällchen,de,USDA,
,milch,Putenfleischbällchen,de,USDA,
,erdnuss,Mit Honig geröstete Erdnüsse,de,USDA,
,milch,Mit Honig geröstete Erdnüsse,de,USDA,
,milch,salziges Karamellband,de,USDA,
,erdnuss,Erdnüsse,de,USDA,
,senf,Wasabi,de,USDA,
,gluten,Zitronenkuchen,de,USDA,
,ei,Zitronenkuchen,de,USDA,
,soja,Zitronenkuchen,de,USDA,
,soja,Halbsüße Schokoladenstückchen,de,USDA,
,milch,Vollmilchschokolade Nonpareils,de,USDA,
,soja,Vollmilchschokolade Nonpareils,de,USDA,
,soja,Schokoladenstückchen, modifizierte Maisstärke",de,USDA
,gluten,Haferkekse  Dextrose,de,USDA,
,soja,Soja- und Baumwollsamenöl,de,USDA,
,milch,kultivierte Molke,de,USDA,
,milch,Sahne,de,USDA,
,soja,Sahne,de,USDA,
,erdnuss,Erdnüsse,de,USDA,
,gluten,Weißmehl,de,USDA,
,gluten,angereichertes Weizenmehl gebleicht,de,USDA,
,soja,Sojaöl und Zwiebeln,de,USDA,
,milch,pasteurisierter Cheddar-Schmelzkäse,de,USDA,
,soja,gehärtetes Pflanzenöl,de,USDA,
,gluten,Brötchen: angereichertes Mehl,de,USDA,
,erdnuss,Erdnüsse,de,USDA,
,gluten,angereichertes ungebleichtes Mehl,de,USDA,
,gluten,Brezel: Weizenmehl,de,USDA,
,milch,Käse „Parmigiano Reggiano“ 5 %,de,USDA,
,milch,Butter,de,USDA,
,sulfite,Pfirsiche und/oder Aprikosen,de,USDA,
,milch,Mittlerer Asiago-Käse,de,USDA,
,milch,getrocknete Butter,de,USDA,
,milch,Frischkäse,de,USDA,
,milch,Manchego-Käse,de,USDA,
,milch,Bio-Eis: pasteurisierte Bio-Milch,de,USDA,
,soja,Sojaöl mit hohem Ölsäuregehalt,de,USDA,
,soja,Pflanzenöl,de,USDA,
,gluten,Angereichertes Mehl,de,USDA,
,gluten,Sesamstangen,de,USDA,
,sesam,Sesamstangen,de,USDA,
,soja,Pintobohnen,de,USDA,
,gluten,hydrolysiertes Weizenglutenprotein,de,USDA,
,gluten,Außenhülle: Weizenmehl,de,USDA,
,milch,Mozzarella-Käse und modifizierte Maisstärke,de,USDA,
,milch,Bio-Molkenprotein aus grasgefütterten Tieren,de,USDA,
,milch,Sauerrahm,de,USDA,
,milch,weiße Schokolade,de,USDA,
,soja,weiße Schokolade,de,USDA,
,soja,Rapsöl und/oder Kokosöl und/oder Sojaöl,de,USDA,
,ei,Eiweiß,de,USDA,
,ei,Käfigfreie Eier,de,USDA,
,milch,Karamell, Zuckerstange ",de,USDA
,soja,Karamell, Zuckerstange ",de,USDA
,gluten,Karamell, Zuckerstange ",de,USDA
,gluten,harter roter Weizen,de,USDA,
,soja,Halbsüße Schokoladenstückchen,de,USDA,
,soja,Sojalecithin als Emulgator,de,USDA,
,milch,pasteurisierter Prozess-Cheddar-Käse,de,USDA,
,milch,80 % Ziegenmilch,de,USDA,
,milch,Cheddar-Käse,de,USDA,
,gluten,Cracker,de,USDA,
,soja,Cracker,de,USDA,
,soja,Margarine,de,USDA,
,milch,Magermilch der Güteklasse A,de,USDA,
,gluten,Waffelbrot,de,USDA,
,milch,Waffelbrot,de,USDA,
,soja,Waffelbrot,de,USDA,
,erdnuss,Butter-Toffee-Erdnüsse,de,USDA,
,milch,Butter-Toffee-Erdnüsse,de,USDA,
,soja,dunkle Schokolade,de,USDA,
,soja,teilweise hydrierte Soja- und/oder Baumwollsamenöle,de,USDA,
,milch,Sauerrahm und Milch,de,USDA,
,milch,fettarme Trockenmilch,de,USDA,
,sulfite,Bisulfite,de,USDA,
,milch,Milchkännchen: Maissirup-Feststoffe,de,USDA,
,gluten,angereichertes gebleichtes Weizenmehl,de,USDA,
,ei,Nudeln,de,USDA,
,gluten,Nudeln,de,USDA,
,milch,Bio-Joghurt,de,USDA,
,nüsse,geraspelte geröstete Kokosnuss,de,USDA,
,milch,Cheddar-Käse,de,USDA,
,sellerie,Bio-Selleriesaftkonzentrat,de,USDA,
,milch,Zitronen-Knoblauch-Kräuterbutter,de,USDA,
,soja,Halbsüße Schokoladenstückchen,de,USDA,
,gluten,Dinkelkerne,de,USDA,
,gluten,rote Weizenkleie,de,USDA,
,milch,Milchschokoladenstückchen,de,USDA,
,soja,Milchschokoladenstückchen,de,USDA,
,soja,Pflanzenöl,de,USDA,
,fisch,Sardelle,de,USDA,
,milch,Parmigiano-Reggiano-Käse,de,USDA,
,soja,vollständig gekochte Hähnchenbrustscheiben,de,USDA,
,milch,Enzymmodifizierter Blauschimmelkäse,de,USDA,
,milch,Milchschokolade,de,USDA,
,soja,Milchschokolade,de,USDA,
,nüsse,Maltodextrin-Mandeln,de,USDA,
,milch,Mozzarella-Käse,de,USDA,
,soja,Raps-/Sojaöl,de,USDA,
,milch,Molkenproteinkonzentrat,de,USDA,
,senf,Senf,de,USDA,
,soja,Senf,de,USDA,
,gluten,angereichertes Durummehl,de,USDA,
,sesam,Gerösteter Paprika-Hummus,de,USDA,
,milch,Karamellchips,de,USDA,
,soja,Karamellchips,de,USDA,
,gluten,Knoblauch-Kräuter-Tortilla,de,USDA,
,soja,Knoblauch-Kräuter-Tortilla,de,USDA,
,soja,Pflanzenöl,de,USDA,
,fisch,Wilder Rotlachs aus Alaska,de,USDA,
,ei,glutenfreie Matze,de,USDA,
,soja,Soja- und Palmkernöle,de,USDA,
,soja,teilweise hydriertes und modifiziertes Sojaöl,de,USDA,
,nüsse,Mandelmehl,de,USDA,
,milch,Bio-Cheddar-Käse,de,USDA,
,soja,Huhn,de,USDA,
,gluten,Malz,de,USDA,
,gluten,gekochte dreifarbige Rotelli,de,USDA,
,soja,pflanzliches Protein,de,USDA,
,soja,dunkle Schokolade,de,USDA,
,milch,Schokoladenstückchen,de,USDA,
,fisch,Schokoladenstückchen,de,USDA,
,sulfite,Ananas,de,USDA,
,milch,Romano-Käse,de,USDA,
,nüsse,Haselnuss 15 %,de,USDA,
,fisch,Krabbenimitat,de,USDA,
,gluten,Krabbenimitat,de,USDA,
,ei,Krabbenimitat,de,USDA,
,soja,Krabbenimitat,de,USDA,
,erdnuss,Erdnussbutter,de,USDA,
,soja,Erdnussbutter,de,USDA,
,erdnuss,Erdnussbutter,de,USDA,
,soja,Erdnussbutter,de,USDA,
,soja,Mango-Koriander-Vinaigrette,de,USDA,
,milch,Asiago-Käse,de,USDA,
,soja,Sojaproteinkonzentrat,de,USDA,
,fisch,Austernbrühe,de,USDA,
,milch,Sahne,de,USDA,
,krebstiere,Konditorglasur,de,USDA,
,nüsse,schwarze Walnüsse,de,USDA,
,gluten,Graham Cracker Swirl,de,USDA,
,soja,Graham Cracker Swirl,de,USDA,
,soja,Sojaöl mit hohem Ölsäuregehalt und/oder Sojaöl,de,USDA,
,soja,Pommes Frites,de,USDA,
,soja,Bio-Tamari,de,USDA,
,soja,Sojalecithinmono- und -diglyceride,de,USDA,
,milch,Orange und gelbe dekorative Locken,de,USDA,
,soja,Orange und gelbe dekorative Locken,de,USDA,
,sulfite,goldene Rosinen mit Schwefeldioxid,de,USDA,
,gluten,Semmelbrösel,de,USDA,
,soja,Semmelbrösel,de,USDA,
,milch,Parmesankäse,de,USDA,
,milch,Parmesankäse,de,USDA,
,milch,ungeräucherter Provolone-Käse,de,USDA,
,soja,Sojabohnen-Pflanzenöl,de,USDA,
,milch,Schokolade,de,USDA,
,soja,Schokolade,de,USDA,
,krebstiere,Muschelsaft,de,USDA,
,milch,Aufrahmmittel,de,USDA,
,soja,Aufrahmmittel,de,USDA,
,gluten,Angereichertes Weizenmehl,de,USDA,
,milch,pasteurisierte Milch,de,USDA,
,sulfite,trockener Wermut,de,USDA,
,milch,Bio-Cheddar-Käse,de,USDA,
,milch,Sauerrahm,de,USDA,
,milch,pasteurisierter Prozess-Gouda-Käse: Sauermilch,de,USDA,
,erdnuss,In Erdnussöl geröstete Cashewnüsse,de,USDA,
,nüsse,In Erdnussöl geröstete Cashewnüsse,de,USDA,
,milch,natürliche Aromen,de,USDA,
,ei,flüssiges Eierweiß,de,USDA,
,milch,Gorgonzola-Käse,de,USDA,
,milch,Butter,de,USDA,
,milch,Gradea pasteurisierte, kultivierte, fettarme Milch",de
,erdnuss,trocken geröstete, blanchierte Erdnüsse",de,USDA
,soja,Backfett,de,USDA,
,milch,Frischkäse,de,USDA,
,gluten,Keks,de,USDA,
,sesam,Rapsöl, geröstete Sesamkörner",de,USDA
,milch,Karamell,de,USDA,
,soja,dunkle Schokolade,de,USDA,
,milch,Magermilchproteinkonzentrat,de,USDA,
,erdnuss,geröstete Erdnüsse,de,USDA,
,gluten,nicht bromiertes, ungebleichtes, angereichertes Weizenmehl ",de
,sulfite,Natriumbenzoat und Natriummetabisulfit,de,USDA,
,soja,Edamame Hummus,de,USDA,
,sesam,Edamame Hummus,de,USDA,
,gluten,hydrolysiertes Pflanzenprotein,de,USDA,
,milch,Butter,de,USDA,
,nüsse,Cashewnüsse,de,USDA,
,milch,Milchschokolade,de,USDA,
,soja,Milchschokolade,de,USDA,
,milch,Romano-Käse,de,USDA,
,soja,pflanzliches Backfett,de,USDA,
,fisch,Sardellen,de,USDA,
,milch,kultivierte Magermilch der Güteklasse A,de,USDA,
,gluten,Angereicherte Nudeln,de,USDA,
,gluten,Angereichertes Weizenmehl,de,USDA,
,gluten,Honig-Sesam-Sticks,de,USDA,
,sesam,Honig-Sesam-Sticks,de,USDA,
,gluten,angereichertes gebleichtes Mehl,de,USDA,
,erdnuss,Mandeln und Cashewnüsse,de,USDA,
,nüsse,Mandeln und Cashewnüsse,de,USDA,
,milch,Gruyère-Käse,de,USDA,
,soja,Gemüsebrühe,de,USDA,
,sellerie,Gemüsebrühe,de,USDA,
,milch,Käse: Mozzarella,de,USDA,
,milch,Käsekulturen,de,USDA,
,soja,Soja- und Milchprodukte,de,USDA,
,milch,Soja- und Milchprodukte,de,USDA,
,nüsse,Bio-Haselnüsse,de,USDA,
,milch,Zartbitterschokolade,de,USDA,
,soja,Zartbitterschokolade,de,USDA,
,gluten,Predust: angereichertes Weizenmehl,de,USDA,
,milch,Kartoffelpüree,de,USDA,
,milch,fettarmer Ricotta,de,USDA,
,milch,Klasse eine Bio-Creme,de,USDA,
,milch,fettarmer Joghurt,de,USDA,
,milch,Romano-Käse,de,USDA,
,gluten,Fladenbrot: angereichertes Weizenmehl,de,USDA,
,sesam,Künstlicher Farbstoff  Frosted Cupcake – Sonnenblumenlecithin,de,USDA,
,milch,Milchbutter,de,USDA,
,gluten,Semmelbrösel,de,USDA,
,gluten,Brot: angereichertes Weizenmehl,de,USDA,
,milch,Ziegenkäse,de,USDA,
,soja,gewürzte Kartoffeln,de,USDA,
,gluten,und Weizenmehl,de,USDA,
,milch,Fontina-Käse,de,USDA,
,soja,Lecithin,de,USDA,
,soja,5 % davon: Sojaproteinisolat,de,USDA,
,gluten,Nudel: angereichertes Weizenmehl,de,USDA,
,soja,Pflanzenöl,de,USDA,
,milch,dunkle Schokolade,de,USDA,
,soja,dunkle Schokolade,de,USDA,
,nüsse,Pili-Nusscreme,de,USDA,
,ei,Bio pasteurisierte Eier,de,USDA,
,milch,Edamerkäse,de,USDA,
,erdnuss,Erdnussbutterbecher,de,USDA,
,milch,Erdnussbutterbecher,de,USDA,
,soja,Erdnussbutterbecher,de,USDA,
,fisch,Tilapia,de,USDA,
,milch,Milchschokolade,de,USDA,
,soja,Milchschokolade,de,USDA,
,sulfite,Weißwein mit Schwefeldioxid,de,USDA,
,nüsse,Mandeln,de,USDA,
,sulfite,goldene Rosinen,de,USDA,
,gluten,Bio-angereichertes Weizenmehl,de,USDA,
,milch,fettfreier Joghurt,de,USDA,
,soja,gewürztes gekochtes Rind- und Schweinefleisch,de,USDA,
,gluten,Honigbeschichtung,de,USDA,
,soja,Honigbeschichtung,de,USDA,
,gluten,kaum gemälzt,de,USDA,
,gluten,Glukose-Fruktose-Sirup,de,USDA,
,erdnuss,Butter-Toffee-Erdnüsse,de,USDA,
,milch,Butter-Toffee-Erdnüsse,de,USDA,
,milch,Bio-kultivierte fettarme Milch,de,USDA,
,soja,gehärtete Pflanzenöle,de,USDA,
,milch,Cheddar-Clubkäse,de,USDA,
,erdnuss,Sonnenblumenkerne,de,USDA,
,sesam,geröstete Bio-Sesamkörner,de,USDA,
,sesam,Hummus,de,USDA,
,soja,Sojaöl und teilweise hydrierte Sojaöle,de,USDA,
,gluten,Vollkorn-Buchweizenmehl; Vollkornmehl; Treibmittel ; Traubenzucker; Salz,de,USDA,
,gluten,Balsamico-Vinaigrette,de,USDA,
,soja,Balsamico-Vinaigrette,de,USDA,
,senf,Balsamico-Vinaigrette,de,USDA,
,soja,Rapsöl und/oder teilweise hydriertes Sojaöl,de,USDA,
,gluten,angereichertes Weizenmehl gebleicht,de,USDA,
,milch,Halbweich- und Blauschimmelkäse,de,USDA,
,gluten,Schokoladenkekse,de,USDA,
,soja,Schokoladenkekse,de,USDA,
,erdnuss,Erdnussbutterbecher {Zucker,de,USDA,
,krebstiere,krabbenbraunes Fleisch,de,USDA,
,milch,Monterey-Jack-Käse,de,USDA,
,gluten,Bio-Weizen,de,USDA,
,milch,Bio-Gewürz für weißen Cheddar-Käse,de,USDA,
,milch,Kakaotropfen,de,USDA,
,soja,Kakaotropfen,de,USDA,
,gluten,ungebleichtes angereichertes Mehl,de,USDA,
,milch,Annatto,de,USDA,
,sulfite,Weißweinessig,de,USDA,
,milch,weniger als 2 % von: Milch,de,USDA,
,gluten,angereichertes gebleichtes Mehl,de,USDA,
,milch,weiße Schokolade,de,USDA,
,soja,weiße Schokolade,de,USDA,
,soja,Pflanzenöle,de,USDA,
,milch,Putenhackbraten,de,USDA,
,ei,Putenhackbraten,de,USDA,
,gluten,Putenhackbraten,de,USDA,
,soja,Putenhackbraten,de,USDA,
,soja,Sojalecithin – ein Emulgator,de,USDA,
,milch,Monterey Jack und weißer Cheddar-Käse,de,USDA,
,gluten,Monterey Jack und weißer Cheddar-Käse,de,USDA,
,milch,Cheddar- und Blauschimmelkäse,de,USDA,
,soja,Margarine,de,USDA,
,milch,weiße Schokoladentropfen,de,USDA,
,soja,weiße Schokoladentropfen,de,USDA,
,gluten,Vollkorntoast,de,USDA,
,soja,Vollkorntoast,de,USDA,
,ei,Guacamole-Aufstrich “,de,USDA,
,soja,Guacamole-Aufstrich “,de,USDA,
,senf,Guacamole-Aufstrich “,de,USDA,
,sesam,Sesamöl,de,USDA,
,soja,Raps- und/oder Sojabohnen- und/oder Palmöl mit TBHQ-Zusatz für Frische,de,USDA,
,milch,und Buttermilch,de,USDA,
,soja,Schokolade,de,USDA,
,milch,Schokolade,de,USDA,
,ei,Flüssigei,de,USDA,
,gluten,Weizenproteinisolat,de,USDA,
,milch,Laktosereduzierte Molke,de,USDA,
,milch,pasteurisierter weißer Cheddar-Käse,de,USDA,
,soja,Sojalecithin,de,USDA,
,milch,Grünkohlpesto,de,USDA,
,milch,Parmesankäse,de,USDA,
,soja,Sojaöl und/oder teilweise hydriertes Sojaöl,de,USDA,
,soja,Pflanzenöl,de,USDA,
,soja,Margarine,de,USDA,
,milch,Margarine,de,USDA,
,ei,Lysozym,de,USDA,
,fisch,lösliches Krabbengewürz,de,USDA,
,sellerie,Weißes Hühnerfleisch,de,USDA,
,gluten,angereichertes Weizenmehl,de,USDA,
,milch,pasteurisierte fettarme Kulturmilch der Güteklasse A,de,USDA,
,milch,Monterey-Jack-Käse mit Jalapenopfeffer,de,USDA,
,fisch,Räucherlachs  und natürliche Aromen,de,USDA,
,milch,Ziegenkäse,de,USDA,
,milch,Kondensmagermilch,de,USDA,
,gluten,Gekochte Nudelblätter,de,USDA,
,ei,Gekochte Nudelblätter,de,USDA,
,sulfite,geschwefelt,de,USDA,
,nüsse,blanchierte Bio-Mandeln,de,USDA,
,ei,Marshmallow-Bindemittel,de,USDA,
,erdnuss,frisch geröstete Erdnüsse,de,USDA,
,milch,2 % oder weniger halbsüße Schokoladenstückchen,de,USDA,
,milch,Milchproteinisolate,de,USDA,
,milch,Calcium- und Natriumcaseinat,de,USDA,
,sellerie,Rohschinken,de,USDA,
,senf,gelbes Senfmehl,de,USDA,
,sulfite,Schwefeldioxid zur Erhaltung der Farbe,de,USDA,
,milch,Frischkäse,de,USDA,
,nüsse,englische Walnüsse,de,USDA,
,soja,Pflanzenöl,de,USDA,
,milch,Sauerrahmfeststoffe,de,USDA,
,fisch,Austernsaft,de,USDA,
,milch,Milchschokolade,de,USDA,
,soja,Milchschokolade,de,USDA,
,soja,gentechnikfreie Reismilch,de,USDA,
,gluten,Waffeln,de,USDA,
,soja,Waffeln,de,USDA,
,soja,pflanzliches Backfett,de,USDA,
,sellerie,Gemüsebrühe,de,USDA,
,senf,Gemüsebrühe,de,USDA,
,sellerie,Hühnerbrühe,de,USDA,
,nüsse,geröstete Mandeln,de,USDA,
,milch,gereifter Parmesankäse,de,USDA,
,fisch,Mahi Mahi,de,USDA,
,krebstiere,Süßwarenglasur,de,USDA,
,milch,Parmesankäse,de,USDA,
,soja,eingekapseltes Salz,de,USDA,
,milch,Schweizer Emmentaler und Greyerzer Käse 50 %,de,USDA,
,erdnuss,Erdnussbutter,de,USDA,
,nüsse,geröstete Mandeln,de,USDA,
,gluten,Karottenkuchen,de,USDA,
,soja,Karottenkuchen,de,USDA,
,ei,Karottenkuchen,de,USDA,
,gluten,Vanillekekse,de,USDA,
,soja,Vanillekekse,de,USDA,
,senf,Dijon-Senf,de,USDA,
,soja,dunkle süße Schokolade,de,USDA,
,soja,Gewürz,de,USDA,
,milch,Parmesankäse,de,USDA,
,nüsse,Cashewnüsse,de,USDA,
,soja,Pflanzenöl,de,USDA,
,gluten,Angereichertes Mehl,de,USDA,
,nüsse,Haselnüsse,de,USDA,
,milch,und Cheddar-Käse,de,USDA,
,gluten,Angereichertes Mehl,de,USDA,
,erdnuss,ganze und gehackte Erdnüsse,de,USDA,
,milch,Ghee,de,USDA,
,gluten,Makkaroniprodukt,de,USDA,
,milch,Romano-Käse aus Kuhmilch,de,USDA,
,krebstiere,Krabbenfleisch,de,USDA,
,krebstiere,geräucherte Babymuscheln,de,USDA,
,gluten,Tortilla,de,USDA,
,soja,Tortilla,de,USDA,
,gluten,gekocht,de,USDA,
,milch,gekocht,de,USDA,
,ei,pasteurisiertes, gezuckertes Eigelb",de,USDA
,milch,pasteurisiertes, gezuckertes Eigelb",de,USDA
,soja,Halbsüße Schokolade,de,USDA,
,milch,Halbsüße Schokolade,de,USDA,
,soja,halbsüßes Schokoladenstück,de,USDA,
,ei,Rührei,de,USDA,
,gluten,vorgekochter Bio-Kamut-Khorasan-Weizen,de,USDA,
,nüsse,Kastanien,de,USDA,
,fisch,Alaska-Seelachs,de,USDA,
,milch,Bio-Pecorino-Romano-Käse aus Schafsmilch,de,USDA,
,erdnuss,Trocken geröstete Bio-Erdnüsse,de,USDA,
,milch,fettarmes Eis,de,USDA,
,gluten,Nudeln und Gemüse: Nudeln,de,USDA,
,milch,Bio-Milchbutter,de,USDA,
,senf,Gurkenrelish,de,USDA,
,soja,Brotaufstrich: Sojaöl,de,USDA,
,sulfite,Schwefeldioxid,de,USDA,
,soja,Reiscracker-Chili-Halbmond,de,USDA,
,gluten,Reiscracker-Chili-Halbmond,de,USDA,
,milch,Milchschokolade,de,USDA,
,soja,Milchschokolade,de,USDA,
,gluten,Angereicherte Eiernudeln,de,USDA,
,ei,Angereicherte Eiernudeln,de,USDA,
,milch,körniger Käse,de,USDA,
,milch,reine dunkle und Milchschokolade und weiße Kakaobutter,de,USDA,
,soja,reine dunkle und Milchschokolade und weiße Kakaobutter,de,USDA,
,ei,Ei-Ersatz,de,USDA,
,erdnuss,Pflanzenöl,de,USDA,
,soja,Pflanzenöl,de,USDA,
,milch,Käsegewürz,de,USDA,
,soja,Hühnerbrühe,de,USDA,
,sellerie,Hühnerbrühe,de,USDA,
,milch,Fontina-Käse,de,USDA,
,milch,Joghurt: kultivierte, pasteurisierte Bio-Magermilch der Güteklasse A",de,USDA
,erdnuss,Sonnenblumenkerne,de,USDA,
,soja,Sonnenblumenkerne,de,USDA,
,nüsse,Haselnuss-Crunch: Zucker,de,USDA,
,sulfite,Chablis-Wein,de,USDA,
,milch,Baby-Schweizer Käse,de,USDA,
,milch,Romano-Käse,de,USDA,
,milch,Karamell,de,USDA,
,soja,Karamell,de,USDA,
,milch,teilentrahmter Mozzarella mit niedrigem Feuchtigkeitsgehalt,de,USDA,
,gluten,Dextrose-Sirup,de,USDA,
,soja,Maisgluten und Weizengluten mit teilweise hydriertem Baumwollsamen- und Sojaöl,de,USDA,
,gluten,Maisgluten und Weizengluten mit teilweise hydriertem Baumwollsamen- und Sojaöl,de,USDA,
,soja,Bio-Tofu,de,USDA,
,sulfite,Natriummetabisulfit,de,USDA,
,gluten,Kekse mit Tortenboden,de,USDA,
,soja,Kekse mit Tortenboden,de,USDA,
,nüsse,Kokosraspeln,de,USDA,
,milch,Mozzarella-Käse,de,USDA,
,milch,Milch,de,USDA,
,ei,Eigelb,de,USDA,
,ei,trockene Eier,de,USDA,
,gluten,Penne-Nudeln,de,USDA,
,ei,Penne-Nudeln,de,USDA,
,gluten,ungebleichtes Weizenmehl,de,USDA,
,sellerie,Konzentrat aus Hühnerknochenbrühe .,de,USDA,
,milch,pasteurisierter, teilentrahmter Mozzarella-Käse ",de,USDA
,gluten,Cracker,de,USDA,
,erdnuss,Erdnussbutterbecher: Zucker,de,USDA,
,milch,importierter Pecorino Romano-Käse,de,USDA,
,gluten,Nudeln: Weizenmehl,de,USDA,
,senf,Senfkörner,de,USDA,
,milch,Milchschokolade-Erdnuss-Edelsteine ​​,de,USDA,
,erdnuss,Milchschokolade-Erdnuss-Edelsteine ​​,de,USDA,
,milch,dunkle Schokoladenstückchen,de,USDA,
,soja,dunkle Schokoladenstückchen,de,USDA,
,milch,pasteurisierte Milch und/oder Milchfett,de,USDA,
,soja,Margarine,de,USDA,
,soja,dunkle süße Schokolade,de,USDA,
,senf,gentechnikfreies Senfmehl,de,USDA,
,milch,Sauerrahm,de,USDA,
,gluten,angereichertes Mehl  Wasser,de,USDA,
,milch,Käse: Asiago,de,USDA,
,milch,Romano-Käse,de,USDA,
,erdnuss,Erdnüsse nach Virginia-Art,de,USDA,
,gluten,kultiviertes Weizenmehl mit Essig versetzt,de,USDA,
,soja,Halbsüße Schokolade,de,USDA,
,gluten,Gemüsebrühe,de,USDA,
,milch,Schokoladenstückchen,de,USDA,
,gluten,Kuchen: gebleichtes, angereichertes Weizenmehl ",de,USDA
,milch,Sahne,de,USDA,
,soja,Sahne,de,USDA,
,milch,Provolone-Käse,de,USDA,
,sulfite,sonnengetrocknete Tomaten,de,USDA,
,milch,Peperoni,de,USDA,
,milch,Bio-Sauerrahm,de,USDA,
,gluten,Kekse,de,USDA,
,soja,Kekse,de,USDA,
,milch,Kekse,de,USDA,
,milch,Kaffeeweißer  Kakao,de,USDA,
,soja,Kaffeeweißer  Kakao,de,USDA,
,erdnuss,Cashewnüsse und Pekannüsse,de,USDA,
,nüsse,Cashewnüsse und Pekannüsse,de,USDA,
,soja,teilweise hydriertes Pflanzenöl,de,USDA,
,gluten,Gekochte angereicherte Spaghetti,de,USDA,
,gluten,angereichertes gebleichtes Mehl,de,USDA,
,gluten,angereichertes Weizenmehl,de,USDA,
,erdnuss,Erdnussbuttersirup,de,USDA,
,soja,Erdnussbuttersirup,de,USDA,
,milch,Gewürz: Molke,de,USDA,
,fisch,Thunfisch,de,USDA,
,milch,Chili-Limetten-Tortillachips,de,USDA,
,gluten,Chili-Limetten-Tortilla-Chips,de,USDA,
,gluten,Chili-Limetten-Tortillachips,de,USDA,
,soja,Tortilla,de,USDA,
,gluten,Tortilla,de,USDA,
,soja,Pflanzenöl,de,USDA,
,gluten,gebleichtes, angereichertes Weizenmehl ",de,USDA
,milch,Parmesankäse,de,USDA,
,gluten,Panko-Semmelbrösel,de,USDA,
,erdnuss,geröstete Erdnüsse,de,USDA,
,milch,Ziegenkäse,de,USDA,
,milch,Eiscreme,de,USDA,
,soja,Emulgator  und natürliche Vanille,de,USDA,
,milch,Griechischer Vanille-Fettjoghurt,de,USDA,
,gluten,angereichertes ungebleichtes Weizenmehl,de,USDA,
,gluten,Angereicherte Eiernudeln,de,USDA,
,ei,Angereicherte Eiernudeln,de,USDA,
,milch,natürliche Aromen mit Milch,de,USDA,
,milch,Malzzentrum,de,USDA,
,gluten,Malzzentrum,de,USDA,
,milch,Frischkäse,de,USDA,
,milch,Käse,de,USDA,
,sesam,gentechnikfreies, geschlagenes Sesam-Tahini",de,USDA
,soja,Pflanzenöl,de,USDA,
,gluten,Semmelbrösel,de,USDA,
,gluten,Nudeln,de,USDA,
,milch,gesalzene Butter,de,USDA,
,nüsse,Pekannüsse,de,USDA,
,gluten,angereichertes Weizenmehl,de,USDA,
,senf,Senf Gran,de,USDA,
,soja,Halbsüße Schokoladenstückchen,de,USDA,
,milch,Grana Padano gU-Käse,de,USDA,
,soja,Teriyaki-Gewürz,de,USDA,
,gluten,Teriyaki-Gewürz,de,USDA,
,krebstiere,Muschelbrühe,de,USDA,
,erdnuss,in Erdnüssen und/oder Baumwollsamen geröstet,de,USDA,
,senf,Honig-Senf-Marinade,de,USDA,
,gluten,israelischer Couscous,de,USDA,
,milch,teilentrahmter Mozzarella-Käse mit niedrigem Feuchtigkeitsgehalt,de,USDA,
,soja,teilentrahmter Mozzarella-Käse mit niedrigem Feuchtigkeitsgehalt,de,USDA,
,soja,GVO-freies Soja-Crisp,de,USDA,
,gluten,Semmelbrösel: Weizenmehl,de,USDA,
,erdnuss,blanchierte Erdnüsse, in Erdnussöl geröstet",de,USDA
,fisch,Krabbenfleischimitat,de,USDA,
,gluten,Krabbenfleischimitat,de,USDA,
,ei,Krabbenfleischimitat,de,USDA,
,soja,Krabbenfleischimitat,de,USDA,
,ei,Sortiere extra große Bio-Eier,de,USDA,
,milch,Ricotta-Käse,de,USDA,
,milch,Feta-Käse,de,USDA,
,milch,Zartbitterschokolade,de,USDA,
,soja,Hähnchen- und Gemüse-Potstickers,de,USDA,
,gluten,Hähnchen- und Gemüse-Potstickers,de,USDA,
,sesam,Hähnchen- und Gemüse-Potstickers,de,USDA,
,ei,Mayonnaise,de,USDA,
,soja,Mayonnaise,de,USDA,
,gluten,Maisbreimehl,de,USDA,
,fisch,getrockneter Bonito,de,USDA,
,senf,Dijon-Senf,de,USDA,
,milch,Milch mit Vitamin D3,de,USDA,
,soja,Halbsüße Schokolade,de,USDA,
,soja,Pflanzenöl,de,USDA,
,milch,Karamell,de,USDA,
,soja,Karamell,de,USDA,
,soja,entfettetes Sojamehl,de,USDA,
,gluten,Mit Käse gewürzte Brezeln,de,USDA,
,milch,Mit Käse gewürzte Brezeln,de,USDA,
,sulfite,Kokosnuss mit Natriummetabisulfit,de,USDA,
,soja,hydrolysiertes Sojabohnenprotein,de,USDA,
,milch,dunkle Schokolade,de,USDA,
,soja,dunkle Schokolade,de,USDA,
,milch,Milchfett,de,USDA,
,gluten,Angereichertes Mehl,de,USDA,
,nüsse,Pistazienpaste,de,USDA,
,soja,Backfett,de,USDA,
,gluten,Brezeln: angereichertes Mehl,de,USDA,
,milch,Mozzarella,de,USDA,
,erdnuss,Aromen,de,USDA,
,milch,Aromen,de,USDA,
,soja,Pflanzenölfett,de,USDA,
,gluten,Bio-Vollkornmehl,de,USDA,
,soja,Aromen,de,USDA,
,milch,Käse,de,USDA,
,milch,Margarine,de,USDA,
,soja,Margarine,de,USDA,
,gluten,extra raffiniertes Hartweizenmehl,de,USDA,
,gluten,Nudeln,de,USDA,
,ei,Nudeln,de,USDA,
,sellerie,Beau-Monde-Gewürz,de,USDA,
,ei,getrocknetes Ei,de,USDA,
,sulfite,Natriumbenzoat und Natriummetabisulfit,de,USDA,
,gluten,100 % Hartweizen-Vollweizenweizen,de,USDA,
,gluten,Croutons,de,USDA,
,milch,Croutons,de,USDA,
,milch,Butter,de,USDA,
,gluten,angereichertes gebleichtes Mehl,de,USDA,
,krebstiere,Meeresmuscheln,de,USDA,
,gluten,angereichertes ungebleichtes Mehl,de,USDA,
,soja,Schlagsahne,de,USDA,
,milch,Schlagsahne,de,USDA,
,nüsse,trocken geröstete Kürbiskernkerne,de,USDA,
,soja,Zartbitterschokolade,de,USDA,
,senf,grüner Senf,de,USDA,
,ei,Eierfrikadelle,de,USDA,
,milch,Eierfrikadelle,de,USDA,
,soja,Eierfrikadelle,de,USDA,
,soja,Halbsüße Schokolade,de,USDA,
,sulfite,Konservierungsstoffe,de,USDA,
,gluten,Brotwürfel,de,USDA,
,soja,Brotwürfel,de,USDA,
,milch,Käse,de,USDA,
,milch,Milch,de,USDA,
,milch,Frischkäse,de,USDA,
,milch,Mozzarella-Käse ; Salame,de,USDA,
,milch,Bio-Mozzarella,de,USDA,
,milch,Mit Joghurt überzogene Rosinen,de,USDA,
,soja,Mit Joghurt überzogene Rosinen,de,USDA,
,milch,Cheddar-Käse,de,USDA,
,soja,Pflanzenöl,de,USDA,
,milch,Enzymmodifizierter Romano-Käse,de,USDA,
,milch,pasteurisierte Bio-Sahne,de,USDA,
,gluten,Schokoladenstreusel,de,USDA,
,milch,Schokoladenstreusel,de,USDA,
,nüsse,Rohe Bio-Walnüsse,de,USDA,
,milch,Ricotta,de,USDA,
,soja,Hühnersalat,de,USDA,
,ei,Hühnersalat,de,USDA,
,senf,Hühnersalat,de,USDA,
,soja,Sojaöl als Verarbeitungsmittel,de,USDA,
,nüsse,Bio-Kokosnuss,de,USDA,
,soja,Pflanzenölfett,de,USDA,
,milch,Milch+,de,USDA,
,milch,Bio-Cheddar-Käse,de,USDA,
,milch,Feta-Käse,de,USDA,
,krebstiere,Streusel,de,USDA,
,soja,Bio-Sojabohnen,de,USDA,
,sulfite,Mit Schwefeldioxid konservierte Feigen,de,USDA,
,fisch,natürliche Aromen,de,USDA,
,milch,Enzymmodifizierter Käse,de,USDA,
,milch,Schokolade,de,USDA,
,soja,Schokolade,de,USDA,
,gluten,Angereichertes Mehl, ungebleichtes Weizenmehl",de,USDA
,milch,Joghurt,de,USDA,
,soja,Stabilisator,de,USDA,
,gluten,Semmelbrösel,de,USDA,
,soja,Pflanzenöl,de,USDA,
,milch,Natriumcaseinat,de,USDA,
,sesam,100 % mechanisch  gepresstes raffiniertes Sesamöl,de,USDA,
,gluten,Semmelbrösel  Salz,de,USDA,
,milch,Trockenmolke und Paprika,de,USDA,
,ei,Angereicherte Eiernudeln,de,USDA,
,gluten,Angereicherte Eiernudeln,de,USDA,
,milch,Bio-Parmesankäse,de,USDA,
,fisch,Atlantischer Lachs mit Farbzusatz,de,USDA,
,milch,Schokoladen-Edelsteine,de,USDA,
,soja,Schokoladen-Edelsteine,de,USDA,
,soja,Sojafaser,de,USDA,
,ei,Nudeln,de,USDA,
,gluten,Nudeln,de,USDA,
,milch,Blauschimmelkäse,de,USDA,
,milch,Butter,de,USDA,
,milch,Colby-Jack-Käse,de,USDA,
,gluten,angereichertes Durummehl,de,USDA,
,nüsse,Bio-Cashewnüsse,de,USDA,
,milch,natürliche und künstliche Aromen,de,USDA,
,soja,Schokoladenstückchen,de,USDA,
,soja,Pflanzenöl,de,USDA,
,milch,Karamell,de,USDA,
,soja,Pflanzenöl,de,USDA,
,soja,Weizen- und Sojaprotein,de,USDA,
,gluten,Weizen- und Sojaprotein,de,USDA,
,ei,Spätzleknödel,de,USDA,
,gluten,Spätzleknödel,de,USDA,
,ei,geriebener Käse,de,USDA,
,milch,geriebener Käse,de,USDA,
,sellerie,Selleriekraft,de,USDA,
,soja,Schokoladenstückchen,de,USDA,
,milch,Queso-Quesadilla- und Asadero-Käse,de,USDA,
,soja,Raps- und/oder Soja- und/oder Palmöl,de,USDA,
,soja,Margarine,de,USDA,
,milch,Margarine,de,USDA,
,milch,Mozzarella-Käse mit niedrigem Feuchtigkeitsgehalt,de,USDA,
,soja,dunkle Schokolade,de,USDA,
,milch,Frischkäse,de,USDA,
,milch,süße Sahnebutter,de,USDA,
,soja,Bonbons,de,USDA,
,fisch,Weißer Thunfisch,de,USDA,
,soja,Pflanzenöl,de,USDA,
,fisch,natürlich geräucherte Heringsfilets,de,USDA,
,soja,vegane würzige Mayonnaise,de,USDA,
,senf,vegane würzige Mayonnaise,de,USDA,
,milch,Cheddar {pasteurisierte Milch,de,USDA,
,milch,modifizierte Molke,de,USDA,
,gluten,ungebleichtes und nicht bromiertes angereichertes Weizenmehl,de,USDA,
,milch,Sauerrahm,de,USDA,
,soja,halbsüße Schokoladenstückchen,de,USDA,
,milch,Kondensmilch,de,USDA,
,erdnuss,geröstete gesalzene Erdnüsse,de,USDA,
,soja,Emulgatoren,de,USDA,
,gluten,Brezeln,de,USDA,
,soja,Brezeln,de,USDA,
,soja,Chili-Cracker,de,USDA,
,gluten,Chili-Cracker,de,USDA,
,soja,Mayonnaise,de,USDA,
,ei,Mayonnaise,de,USDA,
,gluten,angereichertes Weizenmehl,de,USDA,
,soja,Schokochips,de,USDA,
,soja, Koka,de,USDA,
,nüsse,Mandeln,de,USDA,
,milch,2 % oder weniger Parmesan,de,USDA,
,milch,Garnitur,de,USDA,
,gluten,angereichertes Orzo,de,USDA,
,soja,Schokoladenstreusel,de,USDA,
,soja,Gemüsebrühe,de,USDA,
,gluten,ungebleichtes, angereichertes Weizenmehl ",de,USDA
,fisch,Flunder,de,USDA,
,milch,pasteurisierte Magermilch der Güteklasse A,de,USDA,
,milch,natürliche und künstliche Aromen,de,USDA,
,soja,natürliche und künstliche Aromen,de,USDA,
,soja,natürliche Aromen,de,USDA,
,milch,kultivierte Magermilch,de,USDA,
,gluten,Chipotle-Tortilla,de,USDA,
,soja,Chipotle-Tortilla,de,USDA,
,sulfite,Chipotle-Tortilla,de,USDA,
,milch,Cheddar-Käse,de,USDA,
,milch,Parmesankäse,de,USDA,
,gluten,Weizenmehl, Kartoffelstärke",de,USDA
,soja,pflanzliches Backfett,de,USDA,
,soja,Pflanzenöl,de,USDA,
,milch,Cheddar-Käse,de,USDA,
,sesam,Asiatischer gerösteter Sesam-Dip – Wasser,de,USDA,
,sesam,Pflanzenöl,de,USDA,
,gluten,Angereichertes Mehl,de,USDA,
,gluten,Vanillekekse,de,USDA,
,milch,Vanillekekse,de,USDA,
,ei,Vanillekekse,de,USDA,
,milch,weißer Cheddar-Käse,de,USDA,
,soja,Vegane Marshmallows,de,USDA,
,milch,Parmesankäse,de,USDA,
,soja,Pflanzenöl,de,USDA,
,milch,Margarine,de,USDA,
,soja,Margarine,de,USDA,
,milch,Cheddar-Käse,de,USDA,
,milch,dunkle Schokolade,de,USDA,
,soja,dunkle Schokolade,de,USDA,
,soja,Sojalecithin  und Monocalciumphosphat,de,USDA,
,milch,Parmesankäse,de,USDA,
,gluten,Weizenmehl,de,USDA,
,nüsse,rohe Pistazien,de,USDA,
,gluten,gebleichtes Weizenmehl,de,USDA,
,soja,Sahne-Topping,de,USDA,
,erdnuss,Milchschokolade, Erdnussbutter ",de,USDA
,milch,Milchschokolade, Erdnussbutter ",de,USDA
,soja,Milchschokolade, Erdnussbutter ",de,USDA
,milch,Schokoladen-Haselnuss-Fudge,de,USDA,
,nüsse,Schokoladen-Haselnuss-Fudge,de,USDA,
,soja,gentechnikfreies Sojalecithin,de,USDA,
,sellerie,Im Ofen gebratene Hühnerbrust,de,USDA,
,milch,pasteurisierter Schmelzkäseaufstrich,de,USDA,
,soja,Schokoladenstückchen,de,USDA,
,milch,Bio-Hartkäse,de,USDA,
,gluten,Grissini: angereichertes Weizenmehl,de,USDA,
,nüsse,Bio-Mandelmilch,de,USDA,
,gluten,angereichertes Weizenmehl  Zucker,de,USDA,
,milch,Milchschokoladenbonbons,de,USDA,
,soja,Milchschokoladenbonbons,de,USDA,
,soja,Mayonnaise,de,USDA,
,ei,Mayonnaise,de,USDA,
,milch,Mit schokoladigem Karamell gefüllte Kühe,de,USDA,
,soja,Mit schokoladigem Karamell gefüllte Kühe,de,USDA,
,milch,Blauschimmelkäse,de,USDA,
,gluten,Keks: angereichertes Weizenmehl,de,USDA,
,milch,Milch},de,USDA,
,gluten,angereichertes, gebleichtes Mehl ",de,USDA
,senf,Bio-Senfkörner,de,USDA,
,senf,süße Zwiebel-Dijon-Vinaigrette,de,USDA,
,senf,Senf,de,USDA,
,nüsse,und Haselnüsse,de,USDA,
,gluten,gekeimte Vollkornprodukte,de,USDA,
,erdnuss,Erdnussbutter,de,USDA,
,nüsse,Kokosnüsse,de,USDA,
,milch,fettarme Milch,de,USDA,
,milch,Büffelaufstrich,de,USDA,
,sellerie,Büffelaufstrich,de,USDA,
,milch,frische Sahne,de,USDA,
,milch,Monterey-Jack-Käse,de,USDA,
,nüsse,Nüsse,de,USDA,
,milch,Frischkäseprodukt,de,USDA,
,fisch,gekochter Oktopus,de,USDA,
,ei,gekochtes, angereichertes Makkaroniprodukt ",de,USDA
,milch,fettarme Trockenvollmilch,de,USDA,
,milch,Peperoni,de,USDA,
,soja,Peperoni,de,USDA,
,milch,Süße Brötchen,de,USDA,
,ei,Süße Brötchen,de,USDA,
,gluten,Süße Brötchen,de,USDA,
,soja,Süße Brötchen,de,USDA,
,gluten,Croutons: angereichertes ungebleichtes Weizenmehl,de,USDA,
,soja,Halbsüße Schokolade,de,USDA,
,soja,Sojabohnen- und Palmöl mit tbhq für Frische,de,USDA,
,milch,Teilentrahmter Mozzarella-Käse und modifizierte Maisstärke,de,USDA,
,soja,dunkle Schokolade,de,USDA,
,ei,Volleier,de,USDA,
,milch,Ricotta-Käse,de,USDA,
,milch,Halbsüße Schokolade,de,USDA,
,soja,Halbsüße Schokolade,de,USDA,
,sulfite,Kartoffelpüree 80 %,de,USDA,
,milch,Orzo und Paprika,de,USDA,
,gluten,Orzo und Paprika,de,USDA,
,senf,Marinade,de,USDA,
,soja,Enzymaktives Sojamehl,de,USDA,
,gluten,Lebkuchen,de,USDA,
,ei,Lebkuchen,de,USDA,
,milch,Lebkuchen,de,USDA,
,nüsse,rohe Cashewnüsse,de,USDA,
,sulfite,Kaliummetabisulfit,de,USDA,
,gluten,Angereichertes Mehl,de,USDA,
,nüsse,Pflanzenöl,de,USDA,
,gluten,Bio-angereichertes Weizenmehl,de,USDA,
,milch,fettfreie Trockenmilch der Güteklasse,de,USDA,
,milch,Schokoladenstückchen,de,USDA,
,soja,Schokoladenstückchen,de,USDA,
,milch,Romano- und Monterey-Jack-Käse,de,USDA,
,soja,pflanzliches Backfett,de,USDA,
,milch,belgische Milchschokolade mit Pflanzenöl: Zucker,de,USDA,
,milch,pasteurisierte Sauermilch und Sahne,de,USDA,
,ei,Käfigfrei gebratenes Eiweißpastetchen: Eiweiß,de,USDA,
,soja,Schokoladenstückchen,de,USDA,
,gluten,Angereichertes Mehl mit hohem Glutengehalt,de,USDA,
,milch,pasteurisierte Sauermilch,de,USDA,
,milch,Joghurt,de,USDA,
,ei,hartgekochtes Ei,de,USDA,
,senf,Dijon-Senf,de,USDA,
,milch,Feta-Käse,de,USDA,
,milch,Milchschokolade,de,USDA,
,soja,Milchschokolade,de,USDA,
,sulfite,Zwiebeln,de,USDA,
,soja,Bio-Miso,de,USDA,
,milch,Ricotta-Käse,de,USDA,
,milch,dunkle Schokolade,de,USDA,
,soja,dunkle Schokolade,de,USDA,
,milch,halb & halb,de,USDA,
,gluten,paniert mit: Vollkornmehl,de,USDA,
,gluten,Angereichertes Weizenmehl,de,USDA,
,nüsse,Mandelbutter,de,USDA,
,nüsse,trocken geröstete Pistazien,de,USDA,
,gluten,Mehl,de,USDA,
,fisch,Tilapia,de,USDA,
,gluten,Nudeln,de,USDA,
,ei,Nudeln,de,USDA,
,gluten,gekochte Cavatappi-Nudeln,de,USDA,
,gluten,Tortilla: Mehl,de,USDA,
,soja,Pflanzenöl,de,USDA,
,soja,Mayonnaise,de,USDA,
,ei,Mayonnaise,de,USDA,
,nüsse,Bio-Kirschen, Bio-Macadamianüsse",de,USDA
,milch,Scharfer Cheddar-Käse,de,USDA,
,gluten,Süßungsmittel,de,USDA,
,fisch,Fischprotein,de,USDA,
,milch,Karamellkräuselung,de,USDA,
,gluten,Karamellkräuselung,de,USDA,
,gluten,wasserfreie Dextrose,de,USDA,
,milch,Pepper-Jack-Käse,de,USDA,
,gluten,Angereichertes Mehl,de,USDA,
,gluten,angereichertes Weizenmehl gebleicht,de,USDA,
,milch,Schlagsahne,de,USDA,
,erdnuss,geröstete und gesalzene Erdnüsse,de,USDA,
,milch,geriebener Parmesankäse,de,USDA,
,soja,gentechnikfreies Sonnenblumen- und/oder Distelöl,de,USDA,
,soja,Pflanzenöl,de,USDA,
,gluten,ungebleichtes Mehl,de,USDA,
,milch,Butter,de,USDA,
,gluten,Vanillewaffeln,de,USDA,
,soja,Schokoladentropfen,de,USDA,
,erdnuss,Obst,de,USDA,
,soja,Schokolade  und Sojalecithin,de,USDA,
,milch,pasteurisierte Sauerrahm und Milch,de,USDA,
,soja,Bio-Miso-Paste,de,USDA,
,nüsse,Mandeln,de,USDA,
,milch,Blauschimmelkäse,de,USDA,
,gluten,Croutons,de,USDA,
,milch,Croutons,de,USDA,
,milch,Colby-Käse: pasteurisierte Milch,de,USDA,
,soja,Miso,de,USDA,
,soja,Pflanzenöl,de,USDA,
,gluten,ungebleichtes, angereichertes Weizenmehl ",de,USDA
,senf,süßes Relish,de,USDA,
,sellerie,süßes Relish,de,USDA,
,milch,Bio-Sahne und Bio-Magermilch,de,USDA,
,gluten,Angereichertes Mehl,de,USDA,
,krebstiere,Muscheln,de,USDA,
,gluten,Hefenahrung,de,USDA,
,gluten,steingemahlenes Vollkornmehl,de,USDA,
,milch,Fudge Swirl,de,USDA,
,soja,Emulgator,de,USDA,
,milch,weiße Schokolade,de,USDA,
,soja,weiße Schokolade,de,USDA,
,milch,Monterey-Jack-Käse,de,USDA,
,gluten,Angereichertes Weizenmehl,de,USDA,
,milch,Colby-Käse,de,USDA,
,erdnuss,Cheddar- und Sauerrahm-Erdnüsse,de,USDA,
,milch,Cheddar- und Sauerrahm-Erdnüsse,de,USDA,
,milch,Brezelbrötchen,de,USDA,
,gluten,Brezelbrötchen,de,USDA,
,soja,Gewürz für Shoyu-Brühe,de,USDA,
,gluten,Gewürz für Shoyu-Brühe,de,USDA,
,senf,Honig-Senf-Gewürz,de,USDA,
,senf,Senf,de,USDA,
,sesam,Sesampaste,de,USDA,
,milch,Rohmilch,de,USDA,
,milch,Bio-Romano-Käse,de,USDA,
,gluten,Angereichertes Weizenmehl,de,USDA,
,soja,Halbsüße Schokoladenstückchen,de,USDA,
,milch,Karamell,de,USDA,
,milch,Parmesankäse,de,USDA,
,milch,Molkenprotein-Crisp,de,USDA,
,ei,Bio pasteurisiertes Vollei,de,USDA,
,soja,Kartoffelknödel,de,USDA,
,milch,künstliche Aromen,de,USDA,
,fisch,fester weißer Thunfisch,de,USDA,
,sulfite,Mit Sulfiten zur Farberhaltung zubereitet,de,USDA,
,milch,Sahne,de,USDA,
,soja,dunkle Schokolade,de,USDA,
,sulfite,Natriumbisulfit,de,USDA,
,milch,Cotija-Käse,de,USDA,
,soja,Schokoladenstückchen,de,USDA,
,gluten,gentechnikfreies Vollkornmehl,de,USDA,
,erdnuss,Crab Town-gewürzte Erdnüsse,de,USDA,
,senf,Crab Town-gewürzte Erdnüsse,de,USDA,
,milch,Cheddar-Käse,de,USDA,
,senf,Dijon-Senf,de,USDA,
,soja,Schokoladenstückchen,de,USDA,
,milch,Cheddar-Käse,de,USDA,
,soja,Palmöl Soja,de,USDA,
,fisch,Atlantischer Lachs,de,USDA,
,gluten,und weniger als 2 % Weizenkleie,de,USDA,
,gluten,Kekse: gebleichtes, angereichertes Weizenmehl ",de,USDA
,milch,Romano-Käse aus Kuhmilch,de,USDA,
,nüsse,Bio-Mandelbutter,de,USDA,
,gluten,Tortilla,de,USDA,
,soja,Tortilla,de,USDA,
,sulfite,Tortilla,de,USDA,
,erdnuss,Erdnussbutter,de,USDA,
,ei,Angereicherte Eiernudeln,de,USDA,
,gluten,Angereicherte Eiernudeln,de,USDA,
,soja,Pflanzenöl,de,USDA,
,soja,teilweise gehärtetes Pflanzenöl  als Verarbeitungshilfsmittel,de,USDA,
,gluten,Angereichertes Hartweizenmehl,de,USDA,
,milch,Vanilleeis mit Blaubeeren: Magermilch,de,USDA,
,milch,Gekochte Chorizo-Schweinefleischbällchen,de,USDA,
,milch,angesäuerte Sauerrahm,de,USDA,
,fisch,Thunfisch,de,USDA,
,gluten,Weizenmehl und Hefe,de,USDA,
,nüsse,Schokoladenstückchen,de,USDA,
,gluten,Gekochte, angereicherte Gemelli-Nudeln ",de,USDA
,milch,weniger als 1 %: fettfreie Trockenmilch,de,USDA,
,gluten,Weizengluten-Sojaprotein,de,USDA,
,soja,Weizengluten-Sojaprotein,de,USDA,
,gluten,Glukosesirup,de,USDA,
,soja,Halbsüße Schokolade,de,USDA,
,gluten,Bio-Weizenmehl,de,USDA,
,milch,Parmesankäse,de,USDA,
,milch,Parmesankäse,de,USDA,
,milch,Kasein,de,USDA,
,sulfite,getrocknete Makronen-Kokosnuss,de,USDA,
,milch,Mit Karamell gefüllte Schildkröten,de,USDA,
,soja,Mit Karamell gefüllte Schildkröten,de,USDA,
,nüsse,Mit Karamell gefüllte Schildkröten,de,USDA,
,sulfite,Natriummetabisulfit,de,USDA,
,gluten,Angereichertes Weizenmehl,de,USDA,
,soja,Pflanzenöl,de,USDA,
,soja,hydriertes Soja- und/oder Palm- und/oder Baumwollsamenöl,de,USDA,
,nüsse,Rohe Cashewnüsse – dampfpasteurisiert,de,USDA,
,milch,lebende Joghurtkulturen: s,de,USDA,
,fisch,Seeteufel,de,USDA,
,soja,Teriyaki-Glasur,de,USDA,
,gluten,Teriyaki-Glasur,de,USDA,
,milch,Pecorino Romano-Käse,de,USDA,
,milch,M&M's Milchschokoladenbonbons,de,USDA,
,soja,M&M's Milchschokoladenbonbons,de,USDA,
,sellerie,natürliche Aromen,de,USDA,
,soja,Pflanzenöl,de,USDA,
,soja,Sojamehl und Sojaöl,de,USDA,
,erdnuss,geröstete Erdnüsse,de,USDA,
,gluten,gebleichtes Mehl,de,USDA,
,milch,Naturjoghurt mit niedrigem Fettgehalt,de,USDA,
,sulfite,Papaya,de,USDA,
,gluten,Angereichertes gebleichtes Mehl,de,USDA,
,nüsse,geröstete Cashewnüsse,de,USDA,
,milch,Bio-Butterschmalz,de,USDA,
,sulfite,Balsamico-Essig,de,USDA,
,sulfite,Farbstoff: Sulfit-Ammoniak-Karamell,de,USDA,
,milch,Bio-Mozzarella: pasteurisierte, teilentrahmte Bio-Zuchtmilch",de,USDA
,milch,Colby-Käse,de,USDA,
,nüsse,Kokosmilch,de,USDA,
,milch,Kokosmilch,de,USDA,
,gluten,kultivierte Weizenstärke und Weizenmehl,de,USDA,
,gluten,Zimtflocken,de,USDA,
,soja,Zimtflocken,de,USDA,
,milch,weniger als 2 % helle Sahne,de,USDA,
,sesam,Hummus-Dip,de,USDA,
,milch,Vollmilch-Mozzarella-Käse mit niedrigem Feuchtigkeitsgehalt,de,USDA,
,milch,Schlagsahne,de,USDA,
,milch,gefrorenes Milchdessert {Buttermilch,de,USDA,
,milch,Bio-Mozzarella-Käse mit geringem Feuchtigkeitsgehalt,de,USDA,
,soja,Fudge-Glasur,de,USDA,
,gluten,Masa-Mehl,de,USDA,
,milch,Vanille und Krümel,de,USDA,
,gluten,Vanille und Krümel,de,USDA,
,gluten,angereichertes Weizenmehl,de,USDA,
,ei,Eierfrikadelle: Eiweiß,de,USDA,
,erdnuss,gewürzte Erdnüsse,de,USDA,
,milch,gefüllt mit Frischkäse,de,USDA,
,gluten,Angereichertes Vollkornmehl,de,USDA,
,gluten,gekochte Bio-Nudeln,de,USDA,
,soja,Pflanzenöl,de,USDA,
,soja,Margarine,de,USDA,
,milch,Margarine,de,USDA,
,gluten,Keks,de,USDA,
,milch,Keks,de,USDA,
,soja,Keks,de,USDA,
,milch,Milchschokolade,de,USDA,
,soja,Milchschokolade,de,USDA,
,soja,pflanzliches Backfett,de,USDA,
,gluten,Bio-Weizengluten, Bio-Haferfaser",de,USDA
,ei,Mayonnaise,de,USDA,
,soja,Mayonnaise,de,USDA,
,milch,Salzkäsekulturen,de,USDA,
,milch,Bio-Butter,de,USDA,
,milch,Butter,de,USDA,
,soja,Misopaste,de,USDA,
,milch,Parmesankäse,de,USDA,
,sulfite,Cantaloupea,de,USDA,
,gluten,Brezel,de,USDA,
,gluten,Gewürz für Pilzcremesuppe,de,USDA,
,milch,Gewürz für Pilzcremesuppe,de,USDA,
,milch,Ricotta-Käse,de,USDA,
,senf,Gurkenrelish,de,USDA,
,soja,Weniger als 2 % Margarine,de,USDA,
,milch,Lab-Kasein,de,USDA,
,gluten,Vollkorn-Hartweizengrieß aus biologischem Anbau,de,USDA,
,gluten,Bio-Semmelbrösel,de,USDA,
,gluten,Mehl,de,USDA,
,soja,Sojalecithin},de,USDA,
,gluten,Müsli-Cluster,de,USDA,
,milch,geräucherter Gouda,de,USDA,
,milch,fettfreie Trockenmilch,de,USDA,
,gluten,ungebleichtes, unbehandeltes Weizenmehl",de,USDA
,gluten,Keksstreusel,de,USDA,
,milch,Sauerrahm,de,USDA,
,milch,Neufchatel-Käse,de,USDA,
,milch,Halbsüße Schokolade,de,USDA,
,soja,Halbsüße Schokolade,de,USDA,
,soja,gentechnikfreies Sojaöl,de,USDA,
,milch,Feta-Käse,de,USDA,
,soja,Karamell-Popcorn,de,USDA,
,milch,Cotija-Käse,de,USDA,
,sulfite,Natriummetabisulfit als Konservierungsmittel,de,USDA,
,gluten,Angereichertes Mehl,de,USDA,
,gluten,Angereichertes Weizenmehl,de,USDA,
,soja,sautierte Zwiebel,de,USDA,
,gluten,angereichertes gebleichtes Mehl,de,USDA,
,senf,Senf,de,USDA,
,erdnuss,Knusprig überzogener Erdnuss-Cruncher,de,USDA,
,soja,Knusprig überzogener Erdnuss-Cruncher,de,USDA,
,senf,Knusprig überzogener Erdnuss-Cruncher,de,USDA,
,gluten,Knusprig überzogener Erdnuss-Cruncher,de,USDA,
,milch,Sauerrahm,de,USDA,
,milch,dehydrierte Sauerrahm,de,USDA,
,soja,Margarine,de,USDA,
,soja,Müsli,de,USDA,
,gluten,Müsli,de,USDA,
,gluten,Mit Schokoladencreme gefüllte Kekse,de,USDA,
,soja,Mit Schokoladencreme gefüllte Kekse,de,USDA,
,milch,Mit Schokoladencreme gefüllte Kekse,de,USDA,
,milch,teilweise entrahmter Mozzarellakäse mit niedrigem Feuchtigkeitsgehalt,de,USDA,
,milch,Parmesankäse,de,USDA,
,milch,halbsüße Schokoladenstückchen,de,USDA,
,soja,halbsüße Schokoladenstückchen,de,USDA,
,gluten,Brezel: Bio-Weizenmehl,de,USDA,
,milch,Vollmilch,de,USDA,
,fisch,Zuchtlachs,de,USDA,
,nüsse,Sonnenblumenkerne,de,USDA,
,milch,Rührei,de,USDA,
,ei,Rührei,de,USDA,
,sulfite,Ananas,de,USDA,
,milch,Milchschokolade,de,USDA,
,soja,Milchschokolade,de,USDA,
,soja,Pflanzenöl,de,USDA,
,milch,Bio-Ricotta-Käse,de,USDA,
,milch,kultivierte pasteurisierte Milch und Sahne,de,USDA,
,sulfite,Kokosnuss,de,USDA,
,milch,Bio-Cheddar-Käse,de,USDA,
,milch,Milchschokolade,de,USDA,
,soja,Milchschokolade,de,USDA,
,milch,fettreduzierte Milch einstufen,de,USDA,
,soja,hydrolysiertes Pflanzenprotein,de,USDA,
,soja,2 % oder weniger Sojaöl,de,USDA,
,senf,zubereiteter Senf,de,USDA,
,gluten,Weizenkörner,de,USDA,
,soja,Bio-Pflanzenöl,de,USDA,
,gluten,Crackermehl,de,USDA,
,milch,scharfer Cheddar-Käse,de,USDA,
,gluten,Cracker: Weizenmehl,de,USDA,
,milch,Jarlsberg-Käse,de,USDA,
,sulfite,Schwefeldioxid,de,USDA,
,gluten,Weizenmehl gebleicht,de,USDA,
,sellerie,Bio-Selleriesalz,de,USDA,
,gluten,Brot,de,USDA,
,soja,Brot,de,USDA,
,soja,Hydrolysiertes Pflanzenprotein,de,USDA,
,milch,Enzymmodifizierter Cheddar-Käse,de,USDA,
,gluten,Sojabohnenpaste,de,USDA,
,soja,Sojabohnenpaste,de,USDA,
,erdnuss,geröstete Erdnüsse,de,USDA,
,ei,Eier Weizenmehl,de,USDA,
,gluten,Eier Weizenmehl,de,USDA,
,milch,Feta-Käse,de,USDA,
,fisch,Vitamin A,de,USDA,
,senf,Gewürz,de,USDA,
,milch,Butterfett,de,USDA,
,soja,Pflanzenöl,de,USDA,
,soja,Pflanzenöle,de,USDA,
,milch,Eis: Milchfett und fettfreie Milch,de,USDA,
,milch,gesüßte Milchtrockenmasse,de,USDA,
,milch,Frischkäse,de,USDA,
,milch,Parmesankäse },de,USDA,
,senf,Dijon-Senf,de,USDA,
,soja,Huhn,de,USDA,
,soja,Pflanzenöl,de,USDA,
,milch,Margerine  und Salz,de,USDA,
,nüsse,Bio-Sonnenblumenkerne,de,USDA,
,milch,Vanilleschotenpudding,de,USDA,
,ei,Vanilleschotenpudding,de,USDA,
,milch,dunkle Schokolade,de,USDA,
,gluten,hydrolysiertes Pflanzenprotein,de,USDA,
,gluten,Steingemahlen, 100 % Vollkorn",de,USDA
,soja,gehärtetes Pflanzenöl,de,USDA,
,milch,Bio-Queso-Blanco-Käse,de,USDA,
,fisch,natürliche Aromen {Krabbe,de,USDA,
,sellerie,Drehspießgewürz, natürliche Aromen ",de,USDA
,milch,fettfreie Milch,de,USDA,
,gluten,rote Weizenbeeren,de,USDA,
,gluten,Vollkorngebäckmehl,de,USDA,
,fisch,Tilapiafilets,de,USDA,
,senf,Dijon-Senf,de,USDA,
,nüsse,Sonnenblumenkerne,de,USDA,
,sesam,Sesamöl,de,USDA,
,gluten,angereichertes gebleichtes Weizenmehl,de,USDA,
,nüsse,in Schalenpistazien und Meersalz,de,USDA,
,soja,Tamari,de,USDA,
,sulfite,Natriummetabisulfit,de,USDA,
,senf,Senfkörner und Asafoetida,de,USDA,
,senf,Senf,de,USDA,
,gluten,Bio-Perlcouscous,de,USDA,
,erdnuss,schokoladige Erdnussbutterhasen {Zucker,de,USDA,
,soja,Soja- und Weizengluten,de,USDA,
,gluten,Soja- und Weizengluten,de,USDA,
,sulfite,Kokosraspeln,de,USDA,
,milch,Creme Fraiche,de,USDA,
,soja,teilweise gehärtetes Pflanzenöl,de,USDA,
,milch,dunkle Schokolade,de,USDA,
,soja,dunkle Schokolade,de,USDA,
,gluten,Weizenmehl und/oder Essig,de,USDA,
,gluten,5 % oder weniger von jedem der folgenden Stoffe: Weizengluten,de,USDA,
,milch,natürliche Toffeestückchen,de,USDA,
,soja,natürliche Toffeestückchen,de,USDA,
,milch,Vollmilch-Mozzarella,de,USDA,
,gluten,Nudeln,de,USDA,
,ei,Nudeln,de,USDA,
,milch,geriebener Mozzarella-Käse – pasteurisierte teilentrahmte Milch,de,USDA,
,milch,Halbsüße Schokolade,de,USDA,
,soja,Halbsüße Schokolade,de,USDA,
,gluten,Sesamstangen,de,USDA,
,soja,Sesamstangen,de,USDA,
,sesam,Sesamstangen,de,USDA,
,soja,Wasser und Bindemittelprodukt,de,USDA,
,gluten,Wasser und Bindemittelprodukt,de,USDA,
,milch,Wasser und Bindemittelprodukt,de,USDA,
,milch,Cheddar-Käse,de,USDA,
,gluten,überzogene Matze: Weizenmehl,de,USDA,
,gluten,Mehl,de,USDA,
,gluten,Enzyme,de,USDA,
,gluten,Semmelbrösel,de,USDA,
,nüsse,Mandeln,de,USDA,
,erdnuss,Mandeln,de,USDA,
,milch,M&M-Milchschokoladenstückchen,de,USDA,
,soja,M&M-Milchschokoladenstückchen,de,USDA,
,milch,Magermilchmodifizierte Maisstärke,de,USDA,
,soja,Pflanzenöl,de,USDA,
,gluten,angereichertes Weizenmehl,de,USDA,
,milch,teilentrahmter Mozzarellakäse mit niedrigem Feuchtigkeitsgehalt,de,USDA,
,milch,Parmigiano-Reggiano-Käse,de,USDA,
,gluten,Graham-Krümel,de,USDA,
,erdnuss,Erdnuss- und/oder Baumwollsamenöl,de,USDA,
,ei,dehydrierte Eier,de,USDA,
,gluten,angereichertes gebleichtes Mehl,de,USDA,
,milch,und Natriumcaseinat,de,USDA,
,erdnuss,Erdnüsse aus dunkler Schokolade mit Meersalz,de,USDA,
,milch,Erdnüsse aus dunkler Schokolade mit Meersalz,de,USDA,
,soja,Erdnüsse aus dunkler Schokolade mit Meersalz,de,USDA,
,milch,Romano- und Parmesankäse,de,USDA,
,gluten,Bio-angereichertes Weizenmehl,de,USDA,
,gluten,angereichertes gebleichtes Weizenmehl,de,USDA,
,milch,Makkaroni und Käse,de,USDA,
,ei,Makkaroni und Käse,de,USDA,
,soja,Makkaroni und Käse,de,USDA,
,gluten,Makkaroni und Käse,de,USDA,
,milch,natürliche und künstliche Aromen,de,USDA,
,gluten,Knusprige Rübenstreifen,de,USDA,
,milch,Gekaltete, pasteurisierte Magermilch der Güteklasse A",de,USDA
,milch,Joghurt,de,USDA,
,milch,fettarme Milch mit Zusatz von Vitamin A-Palmitat und Vitamin D3,de,USDA,
,sulfite,Bananenpaprika,de,USDA,
,gluten,Angereichertes Mehl,de,USDA,
,milch,Labmolke,de,USDA,
,gluten,Angereicherte Fadennudeln,de,USDA,
